Filename,Case_Bits,Variation_ID,Soil_Er,Soil_Cond,N_Traces
simulation_4spheres_0000_v0,0000,0,6.3986,0.001577,85
simulation_4spheres_0000_v1,0000,1,8.1156,0.008044,85
simulation_4spheres_0000_v2,0000,2,7.5792,0.001763,85
simulation_4spheres_0000_v3,0000,3,6.8234,0.018214,85
simulation_4spheres_0000_v4,0000,4,3.4747,0.019164,85
simulation_4spheres_0000_v5,0000,5,6.4556,0.004443,85
simulation_4spheres_0000_v6,0000,6,6.3290,0.018771,85
simulation_4spheres_0000_v7,0000,7,6.0464,0.003020,85
simulation_4spheres_0000_v8,0000,8,3.0800,0.012254,85
simulation_4spheres_0000_v9,0000,9,6.4767,0.019005,85
simulation_4spheres_0000_v10,0000,10,6.7631,0.019380,85
simulation_4spheres_0000_v11,0000,11,6.7350,0.010078,85
simulation_4spheres_0000_v12,0000,12,5.4565,0.010376,85
simulation_4spheres_0000_v13,0000,13,7.2305,0.015441,85
simulation_4spheres_0000_v14,0000,14,7.7068,0.017233,85
simulation_4spheres_0000_v15,0000,15,8.4368,0.017991,85
simulation_4spheres_0000_v16,0000,16,6.9004,0.013551,85
simulation_4spheres_0000_v17,0000,17,7.6042,0.003442,85
simulation_4spheres_0000_v18,0000,18,8.3411,0.016403,85
simulation_4spheres_0000_v19,0000,19,7.0897,0.015273,85
simulation_4spheres_0000_v20,0000,20,3.9301,0.014882,85
simulation_4spheres_0000_v21,0000,21,5.6311,0.008865,85
simulation_4spheres_0000_v22,0000,22,3.2267,0.003739,85
simulation_4spheres_0000_v23,0000,23,6.7583,0.016779,85
simulation_4spheres_0000_v24,0000,24,8.0127,0.006807,85
simulation_4spheres_0000_v25,0000,25,8.5616,0.002800,85
simulation_4spheres_0000_v26,0000,26,3.0055,0.009147,85
simulation_4spheres_0000_v27,0000,27,5.8493,0.017589,85
simulation_4spheres_0000_v28,0000,28,4.9127,0.001575,85
simulation_4spheres_0000_v29,0000,29,5.4339,0.003340,85
simulation_4spheres_0000_v30,0000,30,6.1937,0.009031,85
simulation_4spheres_0000_v31,0000,31,3.9782,0.011309,85
simulation_4spheres_0000_v32,0000,32,4.5587,0.003982,85
simulation_4spheres_0000_v33,0000,33,7.2832,0.011605,85
simulation_4spheres_0000_v34,0000,34,6.2416,0.018485,85
simulation_4spheres_0000_v35,0000,35,5.4544,0.019287,85
simulation_4spheres_0000_v36,0000,36,7.3501,0.010393,85
simulation_4spheres_0000_v37,0000,37,5.7056,0.001825,85
simulation_4spheres_0000_v38,0000,38,4.6895,0.016936,85
simulation_4spheres_0000_v39,0000,39,5.8099,0.008647,85
simulation_4spheres_0000_v40,0000,40,4.1114,0.007211,85
simulation_4spheres_0000_v41,0000,41,7.3570,0.006801,85
simulation_4spheres_0000_v42,0000,42,4.5350,0.017233,85
simulation_4spheres_0000_v43,0000,43,6.0411,0.012385,85
simulation_4spheres_0000_v44,0000,44,8.2318,0.018999,85
simulation_4spheres_0000_v45,0000,45,8.3410,0.002837,85
simulation_4spheres_0000_v46,0000,46,6.7429,0.010639,85
simulation_4spheres_0000_v47,0000,47,6.7743,0.004012,85
simulation_4spheres_0000_v48,0000,48,3.5310,0.015763,85
simulation_4spheres_0000_v49,0000,49,5.3563,0.014209,85
simulation_4spheres_0001_v0,0001,0,3.4705,0.001793,85
simulation_4spheres_0001_v1,0001,1,6.0131,0.012531,85
simulation_4spheres_0001_v2,0001,2,5.6176,0.005363,85
simulation_4spheres_0001_v3,0001,3,8.0921,0.005078,85
simulation_4spheres_0001_v4,0001,4,7.4717,0.017899,85
simulation_4spheres_0001_v5,0001,5,3.7026,0.018680,85
simulation_4spheres_0001_v6,0001,6,3.4836,0.011756,85
simulation_4spheres_0001_v7,0001,7,3.7374,0.009733,85
simulation_4spheres_0001_v8,0001,8,5.8750,0.018751,85
simulation_4spheres_0001_v9,0001,9,5.5079,0.015779,85
simulation_4spheres_0001_v10,0001,10,8.1550,0.010688,85
simulation_4spheres_0001_v11,0001,11,3.0500,0.001838,85
simulation_4spheres_0001_v12,0001,12,8.3141,0.003177,85
simulation_4spheres_0001_v13,0001,13,6.0783,0.009796,85
simulation_4spheres_0001_v14,0001,14,3.8663,0.018824,85
simulation_4spheres_0001_v15,0001,15,6.1704,0.016351,85
simulation_4spheres_0001_v16,0001,16,6.6607,0.001109,85
simulation_4spheres_0001_v17,0001,17,7.0493,0.003500,85
simulation_4spheres_0001_v18,0001,18,7.2659,0.008316,85
simulation_4spheres_0001_v19,0001,19,5.4004,0.001179,85
simulation_4spheres_0001_v20,0001,20,4.2874,0.015792,85
simulation_4spheres_0001_v21,0001,21,6.5762,0.016869,85
simulation_4spheres_0001_v22,0001,22,4.4588,0.002814,85
simulation_4spheres_0001_v23,0001,23,8.4174,0.008614,85
simulation_4spheres_0001_v24,0001,24,7.4190,0.009294,85
simulation_4spheres_0001_v25,0001,25,5.1629,0.010129,85
simulation_4spheres_0001_v26,0001,26,5.7338,0.005904,85
simulation_4spheres_0001_v27,0001,27,3.1613,0.003485,85
simulation_4spheres_0001_v28,0001,28,3.3321,0.018406,85
simulation_4spheres_0001_v29,0001,29,4.5693,0.002798,85
simulation_4spheres_0001_v30,0001,30,6.6767,0.001087,85
simulation_4spheres_0001_v31,0001,31,8.2732,0.017855,85
simulation_4spheres_0001_v32,0001,32,6.6615,0.016467,85
simulation_4spheres_0001_v33,0001,33,8.8274,0.005949,85
simulation_4spheres_0001_v34,0001,34,7.6492,0.018173,85
simulation_4spheres_0001_v35,0001,35,4.8594,0.006361,85
simulation_4spheres_0001_v36,0001,36,3.9814,0.014107,85
simulation_4spheres_0001_v37,0001,37,6.8046,0.004850,85
simulation_4spheres_0001_v38,0001,38,3.3438,0.009120,85
simulation_4spheres_0001_v39,0001,39,8.2540,0.010746,85
simulation_4spheres_0001_v40,0001,40,3.6409,0.002610,85
simulation_4spheres_0001_v41,0001,41,3.1557,0.014698,85
simulation_4spheres_0001_v42,0001,42,3.9499,0.014311,85
simulation_4spheres_0001_v43,0001,43,5.3094,0.009715,85
simulation_4spheres_0001_v44,0001,44,5.6737,0.016908,85
simulation_4spheres_0001_v45,0001,45,7.0235,0.007918,85
simulation_4spheres_0001_v46,0001,46,7.7650,0.011515,85
simulation_4spheres_0001_v47,0001,47,8.1180,0.009960,85
simulation_4spheres_0001_v48,0001,48,8.0379,0.018607,85
simulation_4spheres_0001_v49,0001,49,8.3206,0.003299,85
simulation_4spheres_0010_v0,0010,0,5.7006,0.008648,85
simulation_4spheres_0010_v1,0010,1,8.3417,0.007616,85
simulation_4spheres_0010_v2,0010,2,8.1328,0.002296,85
simulation_4spheres_0010_v3,0010,3,6.0023,0.006598,85
simulation_4spheres_0010_v4,0010,4,5.9470,0.012013,85
simulation_4spheres_0010_v5,0010,5,4.1172,0.005984,85
simulation_4spheres_0010_v6,0010,6,6.6769,0.008423,85
simulation_4spheres_0010_v7,0010,7,6.0011,0.019876,85
simulation_4spheres_0010_v8,0010,8,4.9524,0.018968,85
simulation_4spheres_0010_v9,0010,9,8.0130,0.012429,85
simulation_4spheres_0010_v10,0010,10,4.1107,0.019251,85
simulation_4spheres_0010_v11,0010,11,3.2675,0.019148,85
simulation_4spheres_0010_v12,0010,12,4.1107,0.001639,85
simulation_4spheres_0010_v13,0010,13,5.8896,0.010280,85
simulation_4spheres_0010_v14,0010,14,5.6887,0.002947,85
simulation_4spheres_0010_v15,0010,15,6.3488,0.015555,85
simulation_4spheres_0010_v16,0010,16,4.5967,0.010856,85
simulation_4spheres_0010_v17,0010,17,8.5258,0.016920,85
simulation_4spheres_0010_v18,0010,18,8.8267,0.002398,85
simulation_4spheres_0010_v19,0010,19,8.0070,0.016080,85
simulation_4spheres_0010_v20,0010,20,7.9137,0.004834,85
simulation_4spheres_0010_v21,0010,21,4.8405,0.006667,85
simulation_4spheres_0010_v22,0010,22,7.5950,0.015627,85
simulation_4spheres_0010_v23,0010,23,5.3377,0.018216,85
simulation_4spheres_0010_v24,0010,24,4.5749,0.017057,85
simulation_4spheres_0010_v25,0010,25,7.3696,0.011050,85
simulation_4spheres_0010_v26,0010,26,6.0730,0.016698,85
simulation_4spheres_0010_v27,0010,27,5.6009,0.008799,85
simulation_4spheres_0010_v28,0010,28,7.2897,0.019279,85
simulation_4spheres_0010_v29,0010,29,4.9162,0.003626,85
simulation_4spheres_0010_v30,0010,30,4.6825,0.006605,85
simulation_4spheres_0010_v31,0010,31,6.2420,0.019700,85
simulation_4spheres_0010_v32,0010,32,5.7664,0.005294,85
simulation_4spheres_0010_v33,0010,33,5.0569,0.015747,85
simulation_4spheres_0010_v34,0010,34,8.2170,0.002425,85
simulation_4spheres_0010_v35,0010,35,8.7877,0.003960,85
simulation_4spheres_0010_v36,0010,36,5.1645,0.016048,85
simulation_4spheres_0010_v37,0010,37,8.4594,0.002007,85
simulation_4spheres_0010_v38,0010,38,8.6852,0.016702,85
simulation_4spheres_0010_v39,0010,39,7.6800,0.007248,85
simulation_4spheres_0010_v40,0010,40,3.3103,0.018213,85
simulation_4spheres_0010_v41,0010,41,7.6695,0.007927,85
simulation_4spheres_0010_v42,0010,42,4.4471,0.013733,85
simulation_4spheres_0010_v43,0010,43,3.2231,0.007569,85
simulation_4spheres_0010_v44,0010,44,5.3316,0.003365,85
simulation_4spheres_0010_v45,0010,45,7.7132,0.005701,85
simulation_4spheres_0010_v46,0010,46,6.2454,0.015838,85
simulation_4spheres_0010_v47,0010,47,6.6535,0.019622,85
simulation_4spheres_0010_v48,0010,48,6.7158,0.003132,85
simulation_4spheres_0010_v49,0010,49,4.4572,0.007102,85
simulation_4spheres_0011_v0,0011,0,6.0361,0.008223,85
simulation_4spheres_0011_v1,0011,1,4.0142,0.001205,85
simulation_4spheres_0011_v2,0011,2,6.5611,0.017296,85
simulation_4spheres_0011_v3,0011,3,7.8579,0.001812,85
simulation_4spheres_0011_v4,0011,4,6.6550,0.013622,85
simulation_4spheres_0011_v5,0011,5,6.2688,0.018932,85
simulation_4spheres_0011_v6,0011,6,4.1207,0.008482,85
simulation_4spheres_0011_v7,0011,7,6.1597,0.019934,85
simulation_4spheres_0011_v8,0011,8,4.8098,0.016107,85
simulation_4spheres_0011_v9,0011,9,3.9370,0.001943,85
simulation_4spheres_0011_v10,0011,10,7.8367,0.016269,85
simulation_4spheres_0011_v11,0011,11,4.2502,0.006968,85
simulation_4spheres_0011_v12,0011,12,4.3421,0.019514,85
simulation_4spheres_0011_v13,0011,13,6.6629,0.007754,85
simulation_4spheres_0011_v14,0011,14,5.1805,0.019982,85
simulation_4spheres_0011_v15,0011,15,3.1909,0.007014,85
simulation_4spheres_0011_v16,0011,16,3.4240,0.010700,85
simulation_4spheres_0011_v17,0011,17,3.5838,0.007428,85
simulation_4spheres_0011_v18,0011,18,4.4892,0.014714,85
simulation_4spheres_0011_v19,0011,19,3.3107,0.010983,85
simulation_4spheres_0011_v20,0011,20,7.8803,0.005494,85
simulation_4spheres_0011_v21,0011,21,7.2113,0.003429,85
simulation_4spheres_0011_v22,0011,22,8.3260,0.017064,85
simulation_4spheres_0011_v23,0011,23,7.1312,0.007964,85
simulation_4spheres_0011_v24,0011,24,8.9498,0.008896,85
simulation_4spheres_0011_v25,0011,25,5.7003,0.016504,85
simulation_4spheres_0011_v26,0011,26,4.6639,0.001335,85
simulation_4spheres_0011_v27,0011,27,6.2358,0.013989,85
simulation_4spheres_0011_v28,0011,28,3.6216,0.001467,85
simulation_4spheres_0011_v29,0011,29,4.8055,0.015826,85
simulation_4spheres_0011_v30,0011,30,5.3915,0.001020,85
simulation_4spheres_0011_v31,0011,31,3.3024,0.001306,85
simulation_4spheres_0011_v32,0011,32,6.7710,0.008945,85
simulation_4spheres_0011_v33,0011,33,5.0851,0.005046,85
simulation_4spheres_0011_v34,0011,34,6.7597,0.008298,85
simulation_4spheres_0011_v35,0011,35,5.1664,0.011437,85
simulation_4spheres_0011_v36,0011,36,5.7106,0.013430,85
simulation_4spheres_0011_v37,0011,37,7.4100,0.013451,85
simulation_4spheres_0011_v38,0011,38,5.7511,0.002745,85
simulation_4spheres_0011_v39,0011,39,6.5486,0.014488,85
simulation_4spheres_0011_v40,0011,40,3.7431,0.004651,85
simulation_4spheres_0011_v41,0011,41,7.9775,0.004973,85
simulation_4spheres_0011_v42,0011,42,7.0879,0.004623,85
simulation_4spheres_0011_v43,0011,43,8.8644,0.002773,85
simulation_4spheres_0011_v44,0011,44,6.2796,0.014311,85
simulation_4spheres_0011_v45,0011,45,7.2774,0.006158,85
simulation_4spheres_0011_v46,0011,46,3.2443,0.017820,85
simulation_4spheres_0011_v47,0011,47,5.7974,0.003383,85
simulation_4spheres_0011_v48,0011,48,5.0820,0.007400,85
simulation_4spheres_0011_v49,0011,49,6.0981,0.017696,85
simulation_4spheres_0100_v0,0100,0,3.4949,0.015701,85
simulation_4spheres_0100_v1,0100,1,7.6653,0.010079,85
simulation_4spheres_0100_v2,0100,2,7.0742,0.003471,85
simulation_4spheres_0100_v3,0100,3,3.4065,0.010367,85
simulation_4spheres_0100_v4,0100,4,4.8762,0.002564,85
simulation_4spheres_0100_v5,0100,5,4.4082,0.003273,85
simulation_4spheres_0100_v6,0100,6,5.2240,0.010060,85
simulation_4spheres_0100_v7,0100,7,4.2781,0.013697,85
simulation_4spheres_0100_v8,0100,8,7.4529,0.003893,85
simulation_4spheres_0100_v9,0100,9,7.3119,0.001139,85
simulation_4spheres_0100_v10,0100,10,4.9694,0.001893,85
simulation_4spheres_0100_v11,0100,11,5.3984,0.007501,85
simulation_4spheres_0100_v12,0100,12,3.4943,0.015131,85
simulation_4spheres_0100_v13,0100,13,5.6956,0.011900,85
simulation_4spheres_0100_v14,0100,14,7.0903,0.015286,85
simulation_4spheres_0100_v15,0100,15,3.7145,0.015253,85
simulation_4spheres_0100_v16,0100,16,6.1258,0.010271,85
simulation_4spheres_0100_v17,0100,17,5.4568,0.003175,85
simulation_4spheres_0100_v18,0100,18,7.7125,0.019118,85
simulation_4spheres_0100_v19,0100,19,6.0631,0.014903,85
simulation_4spheres_0100_v20,0100,20,8.9533,0.015601,85
simulation_4spheres_0100_v21,0100,21,4.0417,0.006387,85
simulation_4spheres_0100_v22,0100,22,3.7278,0.009556,85
simulation_4spheres_0100_v23,0100,23,5.2684,0.003624,85
simulation_4spheres_0100_v24,0100,24,7.5680,0.015706,85
simulation_4spheres_0100_v25,0100,25,4.2494,0.015927,85
simulation_4spheres_0100_v26,0100,26,4.6637,0.011574,85
simulation_4spheres_0100_v27,0100,27,4.2152,0.017131,85
simulation_4spheres_0100_v28,0100,28,5.9475,0.001442,85
simulation_4spheres_0100_v29,0100,29,7.8065,0.017440,85
simulation_4spheres_0100_v30,0100,30,7.1470,0.013941,85
simulation_4spheres_0100_v31,0100,31,8.9605,0.013761,85
simulation_4spheres_0100_v32,0100,32,5.2568,0.005774,85
simulation_4spheres_0100_v33,0100,33,8.6306,0.015688,85
simulation_4spheres_0100_v34,0100,34,6.5806,0.007494,85
simulation_4spheres_0100_v35,0100,35,5.8069,0.016955,85
simulation_4spheres_0100_v36,0100,36,7.7708,0.018494,85
simulation_4spheres_0100_v37,0100,37,5.2027,0.008989,85
simulation_4spheres_0100_v38,0100,38,6.8721,0.015572,85
simulation_4spheres_0100_v39,0100,39,8.7525,0.001089,85
simulation_4spheres_0100_v40,0100,40,5.4631,0.008607,85
simulation_4spheres_0100_v41,0100,41,4.5557,0.004685,85
simulation_4spheres_0100_v42,0100,42,7.8720,0.011798,85
simulation_4spheres_0100_v43,0100,43,8.7261,0.008696,85
simulation_4spheres_0100_v44,0100,44,3.7559,0.012299,85
simulation_4spheres_0100_v45,0100,45,4.6194,0.004130,85
simulation_4spheres_0100_v46,0100,46,7.4212,0.012703,85
simulation_4spheres_0100_v47,0100,47,6.2396,0.017054,85
simulation_4spheres_0100_v48,0100,48,3.4385,0.007060,85
simulation_4spheres_0100_v49,0100,49,8.1149,0.011914,85
simulation_4spheres_0101_v0,0101,0,3.4754,0.010995,85
simulation_4spheres_0101_v1,0101,1,8.1333,0.019461,85
simulation_4spheres_0101_v2,0101,2,8.9508,0.016147,85
simulation_4spheres_0101_v3,0101,3,6.6967,0.012845,85
simulation_4spheres_0101_v4,0101,4,3.4321,0.002991,85
simulation_4spheres_0101_v5,0101,5,7.9548,0.016272,85
simulation_4spheres_0101_v6,0101,6,3.6380,0.013703,85
simulation_4spheres_0101_v7,0101,7,3.2961,0.010556,85
simulation_4spheres_0101_v8,0101,8,4.2910,0.016045,85
simulation_4spheres_0101_v9,0101,9,4.8795,0.001677,85
simulation_4spheres_0101_v10,0101,10,7.4702,0.019278,85
simulation_4spheres_0101_v11,0101,11,4.1373,0.016254,85
simulation_4spheres_0101_v12,0101,12,5.4143,0.019758,85
simulation_4spheres_0101_v13,0101,13,4.2478,0.002496,85
simulation_4spheres_0101_v14,0101,14,7.2045,0.009648,85
simulation_4spheres_0101_v15,0101,15,7.3702,0.017667,85
simulation_4spheres_0101_v16,0101,16,4.0608,0.011772,85
simulation_4spheres_0101_v17,0101,17,4.9699,0.009302,85
simulation_4spheres_0101_v18,0101,18,4.2191,0.002766,85
simulation_4spheres_0101_v19,0101,19,8.2132,0.010232,85
simulation_4spheres_0101_v20,0101,20,3.4595,0.006455,85
simulation_4spheres_0101_v21,0101,21,7.0843,0.011174,85
simulation_4spheres_0101_v22,0101,22,5.3506,0.003055,85
simulation_4spheres_0101_v23,0101,23,8.1972,0.011702,85
simulation_4spheres_0101_v24,0101,24,4.6480,0.014211,85
simulation_4spheres_0101_v25,0101,25,8.8012,0.017118,85
simulation_4spheres_0101_v26,0101,26,4.9401,0.014152,85
simulation_4spheres_0101_v27,0101,27,3.9854,0.017594,85
simulation_4spheres_0101_v28,0101,28,8.6045,0.004990,85
simulation_4spheres_0101_v29,0101,29,8.5203,0.004509,85
simulation_4spheres_0101_v30,0101,30,3.4501,0.010938,85
simulation_4spheres_0101_v31,0101,31,7.0887,0.012649,85
simulation_4spheres_0101_v32,0101,32,7.7003,0.014200,85
simulation_4spheres_0101_v33,0101,33,7.7400,0.010353,85
simulation_4spheres_0101_v34,0101,34,8.7457,0.014143,85
simulation_4spheres_0101_v35,0101,35,6.8000,0.017338,85
simulation_4spheres_0101_v36,0101,36,8.5094,0.018020,85
simulation_4spheres_0101_v37,0101,37,6.4527,0.015813,85
simulation_4spheres_0101_v38,0101,38,4.9017,0.015576,85
simulation_4spheres_0101_v39,0101,39,4.0327,0.008531,85
simulation_4spheres_0101_v40,0101,40,5.5801,0.018624,85
simulation_4spheres_0101_v41,0101,41,4.6751,0.005830,85
simulation_4spheres_0101_v42,0101,42,3.9572,0.006399,85
simulation_4spheres_0101_v43,0101,43,7.1553,0.017140,85
simulation_4spheres_0101_v44,0101,44,6.4205,0.017533,85
simulation_4spheres_0101_v45,0101,45,8.1344,0.009179,85
simulation_4spheres_0101_v46,0101,46,4.4701,0.005102,85
simulation_4spheres_0101_v47,0101,47,7.3945,0.005741,85
simulation_4spheres_0101_v48,0101,48,5.5901,0.019939,85
simulation_4spheres_0101_v49,0101,49,8.2291,0.001038,85
simulation_4spheres_0110_v0,0110,0,6.3689,0.008895,85
simulation_4spheres_0110_v1,0110,1,3.7061,0.011779,85
simulation_4spheres_0110_v2,0110,2,6.2112,0.012809,85
simulation_4spheres_0110_v3,0110,3,3.2971,0.003771,85
simulation_4spheres_0110_v4,0110,4,4.9490,0.002798,85
simulation_4spheres_0110_v5,0110,5,6.3796,0.019544,85
simulation_4spheres_0110_v6,0110,6,7.8494,0.016050,85
simulation_4spheres_0110_v7,0110,7,8.0553,0.011674,85
simulation_4spheres_0110_v8,0110,8,7.3780,0.005506,85
simulation_4spheres_0110_v9,0110,9,3.4239,0.017681,85
simulation_4spheres_0110_v10,0110,10,4.5699,0.001905,85
simulation_4spheres_0110_v11,0110,11,7.3092,0.013259,85
simulation_4spheres_0110_v12,0110,12,6.6599,0.013081,85
simulation_4spheres_0110_v13,0110,13,3.7425,0.001839,85
simulation_4spheres_0110_v14,0110,14,8.6389,0.019918,85
simulation_4spheres_0110_v15,0110,15,8.0056,0.002141,85
simulation_4spheres_0110_v16,0110,16,4.3658,0.014125,85
simulation_4spheres_0110_v17,0110,17,7.6610,0.013441,85
simulation_4spheres_0110_v18,0110,18,4.7447,0.001778,85
simulation_4spheres_0110_v19,0110,19,3.3251,0.019356,85
simulation_4spheres_0110_v20,0110,20,8.6342,0.015798,85
simulation_4spheres_0110_v21,0110,21,7.9879,0.003660,85
simulation_4spheres_0110_v22,0110,22,3.1675,0.015701,85
simulation_4spheres_0110_v23,0110,23,4.3951,0.011533,85
simulation_4spheres_0110_v24,0110,24,7.6644,0.005847,85
simulation_4spheres_0110_v25,0110,25,3.0933,0.007029,85
simulation_4spheres_0110_v26,0110,26,8.6980,0.008273,85
simulation_4spheres_0110_v27,0110,27,6.5674,0.006351,85
simulation_4spheres_0110_v28,0110,28,4.9111,0.003095,85
simulation_4spheres_0110_v29,0110,29,3.9766,0.001776,85
simulation_4spheres_0110_v30,0110,30,3.9585,0.019312,85
simulation_4spheres_0110_v31,0110,31,6.5669,0.003718,85
simulation_4spheres_0110_v32,0110,32,3.3336,0.015371,85
simulation_4spheres_0110_v33,0110,33,3.9905,0.005159,85
simulation_4spheres_0110_v34,0110,34,5.5137,0.015684,85
simulation_4spheres_0110_v35,0110,35,7.7335,0.005725,85
simulation_4spheres_0110_v36,0110,36,5.2886,0.004343,85
simulation_4spheres_0110_v37,0110,37,8.3465,0.018293,85
simulation_4spheres_0110_v38,0110,38,8.6948,0.002546,85
simulation_4spheres_0110_v39,0110,39,8.1659,0.003939,85
simulation_4spheres_0110_v40,0110,40,5.7110,0.016424,85
simulation_4spheres_0110_v41,0110,41,5.9990,0.011385,85
simulation_4spheres_0110_v42,0110,42,5.8943,0.014512,85
simulation_4spheres_0110_v43,0110,43,7.8031,0.008160,85
simulation_4spheres_0110_v44,0110,44,4.8324,0.018433,85
simulation_4spheres_0110_v45,0110,45,4.4083,0.016874,85
simulation_4spheres_0110_v46,0110,46,6.8275,0.013108,85
simulation_4spheres_0110_v47,0110,47,4.3419,0.001393,85
simulation_4spheres_0110_v48,0110,48,5.4457,0.016348,85
simulation_4spheres_0110_v49,0110,49,4.4308,0.009016,85
simulation_4spheres_0111_v0,0111,0,7.0567,0.003596,85
simulation_4spheres_0111_v1,0111,1,6.8827,0.019470,85
simulation_4spheres_0111_v2,0111,2,8.0660,0.008610,85
simulation_4spheres_0111_v3,0111,3,4.6046,0.010676,85
simulation_4spheres_0111_v4,0111,4,5.8393,0.001907,85
simulation_4spheres_0111_v5,0111,5,4.6385,0.006940,85
simulation_4spheres_0111_v6,0111,6,4.1552,0.003877,85
simulation_4spheres_0111_v7,0111,7,4.9002,0.005676,85
simulation_4spheres_0111_v8,0111,8,8.5271,0.015212,85
simulation_4spheres_0111_v9,0111,9,3.0629,0.009636,85
simulation_4spheres_0111_v10,0111,10,4.7610,0.017135,85
simulation_4spheres_0111_v11,0111,11,8.5981,0.013031,85
simulation_4spheres_0111_v12,0111,12,5.5131,0.014800,85
simulation_4spheres_0111_v13,0111,13,4.9992,0.012375,85
simulation_4spheres_0111_v14,0111,14,3.6277,0.019781,85
simulation_4spheres_0111_v15,0111,15,4.8060,0.006116,85
simulation_4spheres_0111_v16,0111,16,7.1945,0.011819,85
simulation_4spheres_0111_v17,0111,17,6.5843,0.014639,85
simulation_4spheres_0111_v18,0111,18,6.0446,0.015906,85
simulation_4spheres_0111_v19,0111,19,4.1845,0.010673,85
simulation_4spheres_0111_v20,0111,20,8.5514,0.008012,85
simulation_4spheres_0111_v21,0111,21,3.9805,0.007699,85
simulation_4spheres_0111_v22,0111,22,4.7782,0.018674,85
simulation_4spheres_0111_v23,0111,23,3.1979,0.001211,85
simulation_4spheres_0111_v24,0111,24,5.2677,0.005193,85
simulation_4spheres_0111_v25,0111,25,7.7831,0.001670,85
simulation_4spheres_0111_v26,0111,26,3.1110,0.005444,85
simulation_4spheres_0111_v27,0111,27,8.7892,0.001124,85
simulation_4spheres_0111_v28,0111,28,7.2694,0.014301,85
simulation_4spheres_0111_v29,0111,29,3.1490,0.015744,85
simulation_4spheres_0111_v30,0111,30,8.1778,0.007429,85
simulation_4spheres_0111_v31,0111,31,3.0275,0.009243,85
simulation_4spheres_0111_v32,0111,32,5.8296,0.001463,85
simulation_4spheres_0111_v33,0111,33,5.7818,0.017023,85
simulation_4spheres_0111_v34,0111,34,7.2993,0.018092,85
simulation_4spheres_0111_v35,0111,35,6.2080,0.013798,85
simulation_4spheres_0111_v36,0111,36,8.7620,0.011627,85
simulation_4spheres_0111_v37,0111,37,4.4753,0.006352,85
simulation_4spheres_0111_v38,0111,38,3.0034,0.017205,85
simulation_4spheres_0111_v39,0111,39,7.3506,0.015954,85
simulation_4spheres_0111_v40,0111,40,5.4200,0.009185,85
simulation_4spheres_0111_v41,0111,41,5.6090,0.010282,85
simulation_4spheres_0111_v42,0111,42,8.7573,0.001748,85
simulation_4spheres_0111_v43,0111,43,7.2316,0.019521,85
simulation_4spheres_0111_v44,0111,44,5.3448,0.008858,85
simulation_4spheres_0111_v45,0111,45,7.3671,0.019567,85
simulation_4spheres_0111_v46,0111,46,6.7830,0.005801,85
simulation_4spheres_0111_v47,0111,47,7.6783,0.004090,85
simulation_4spheres_0111_v48,0111,48,4.9201,0.015760,85
simulation_4spheres_0111_v49,0111,49,5.8407,0.003564,85
simulation_4spheres_1000_v0,1000,0,4.5421,0.014400,85
simulation_4spheres_1000_v1,1000,1,6.6567,0.019083,85
simulation_4spheres_1000_v2,1000,2,4.4489,0.018085,85
simulation_4spheres_1000_v3,1000,3,3.6202,0.005438,85
simulation_4spheres_1000_v4,1000,4,3.6981,0.004574,85
simulation_4spheres_1000_v5,1000,5,4.1906,0.009202,85
simulation_4spheres_1000_v6,1000,6,6.9059,0.012581,85
simulation_4spheres_1000_v7,1000,7,6.8945,0.001108,85
simulation_4spheres_1000_v8,1000,8,8.9631,0.007238,85
simulation_4spheres_1000_v9,1000,9,8.9395,0.013423,85
simulation_4spheres_1000_v10,1000,10,8.5473,0.004221,85
simulation_4spheres_1000_v11,1000,11,6.8794,0.018642,85
simulation_4spheres_1000_v12,1000,12,8.4570,0.002614,85
simulation_4spheres_1000_v13,1000,13,6.6825,0.003287,85
simulation_4spheres_1000_v14,1000,14,6.7867,0.001756,85
simulation_4spheres_1000_v15,1000,15,4.9908,0.011710,85
simulation_4spheres_1000_v16,1000,16,6.6460,0.008452,85
simulation_4spheres_1000_v17,1000,17,7.4538,0.006636,85
simulation_4spheres_1000_v18,1000,18,6.0671,0.002548,85
simulation_4spheres_1000_v19,1000,19,4.3026,0.010620,85
simulation_4spheres_1000_v20,1000,20,4.9290,0.008336,85
simulation_4spheres_1000_v21,1000,21,3.0972,0.019607,85
simulation_4spheres_1000_v22,1000,22,4.6226,0.006128,85
simulation_4spheres_1000_v23,1000,23,4.4249,0.008836,85
simulation_4spheres_1000_v24,1000,24,5.2168,0.010230,85
simulation_4spheres_1000_v25,1000,25,5.5290,0.018109,85
simulation_4spheres_1000_v26,1000,26,3.2481,0.014281,85
simulation_4spheres_1000_v27,1000,27,6.8572,0.009983,85
simulation_4spheres_1000_v28,1000,28,3.2319,0.008535,85
simulation_4spheres_1000_v29,1000,29,6.7656,0.016150,85
simulation_4spheres_1000_v30,1000,30,8.0412,0.010834,85
simulation_4spheres_1000_v31,1000,31,5.3591,0.007641,85
simulation_4spheres_1000_v32,1000,32,7.0062,0.013201,85
simulation_4spheres_1000_v33,1000,33,8.9946,0.005966,85
simulation_4spheres_1000_v34,1000,34,8.6727,0.014306,85
simulation_4spheres_1000_v35,1000,35,5.2568,0.011886,85
simulation_4spheres_1000_v36,1000,36,8.4136,0.014372,85
simulation_4spheres_1000_v37,1000,37,7.3750,0.010605,85
simulation_4spheres_1000_v38,1000,38,4.4110,0.013203,85
simulation_4spheres_1000_v39,1000,39,8.0286,0.001522,85
simulation_4spheres_1000_v40,1000,40,8.9940,0.012100,85
simulation_4spheres_1000_v41,1000,41,3.5378,0.015870,85
simulation_4spheres_1000_v42,1000,42,6.6053,0.019312,85
simulation_4spheres_1000_v43,1000,43,5.6833,0.008975,85
simulation_4spheres_1000_v44,1000,44,4.0132,0.007243,85
simulation_4spheres_1000_v45,1000,45,4.8342,0.010735,85
simulation_4spheres_1000_v46,1000,46,6.6520,0.005779,85
simulation_4spheres_1000_v47,1000,47,7.1719,0.001383,85
simulation_4spheres_1000_v48,1000,48,3.8463,0.002512,85
simulation_4spheres_1000_v49,1000,49,4.0267,0.007212,85
simulation_4spheres_1001_v0,1001,0,7.6074,0.014432,85
simulation_4spheres_1001_v1,1001,1,7.4178,0.001770,85
simulation_4spheres_1001_v2,1001,2,4.9256,0.019191,85
simulation_4spheres_1001_v3,1001,3,8.3548,0.018741,85
simulation_4spheres_1001_v4,1001,4,6.7192,0.010891,85
simulation_4spheres_1001_v5,1001,5,4.5257,0.002686,85
simulation_4spheres_1001_v6,1001,6,8.7619,0.001892,85
simulation_4spheres_1001_v7,1001,7,7.0476,0.002052,85
simulation_4spheres_1001_v8,1001,8,6.7691,0.003047,85
simulation_4spheres_1001_v9,1001,9,7.0026,0.007630,85
simulation_4spheres_1001_v10,1001,10,6.9869,0.019413,85
simulation_4spheres_1001_v11,1001,11,4.0303,0.007118,85
simulation_4spheres_1001_v12,1001,12,8.9088,0.019335,85
simulation_4spheres_1001_v13,1001,13,5.0814,0.006105,85
simulation_4spheres_1001_v14,1001,14,4.7085,0.001492,85
simulation_4spheres_1001_v15,1001,15,7.7957,0.004010,85
simulation_4spheres_1001_v16,1001,16,5.9420,0.003678,85
simulation_4spheres_1001_v17,1001,17,4.3460,0.019795,85
simulation_4spheres_1001_v18,1001,18,8.4873,0.002673,85
simulation_4spheres_1001_v19,1001,19,6.3856,0.001731,85
simulation_4spheres_1001_v20,1001,20,8.7660,0.015185,85
simulation_4spheres_1001_v21,1001,21,5.4327,0.011029,85
simulation_4spheres_1001_v22,1001,22,4.7569,0.019614,85
simulation_4spheres_1001_v23,1001,23,3.5499,0.005710,85
simulation_4spheres_1001_v24,1001,24,7.1606,0.002119,85
simulation_4spheres_1001_v25,1001,25,5.0091,0.004759,85
simulation_4spheres_1001_v26,1001,26,6.8056,0.012799,85
simulation_4spheres_1001_v27,1001,27,7.5865,0.019546,85
simulation_4spheres_1001_v28,1001,28,7.6754,0.011502,85
simulation_4spheres_1001_v29,1001,29,7.5566,0.019138,85
simulation_4spheres_1001_v30,1001,30,8.7035,0.014293,85
simulation_4spheres_1001_v31,1001,31,4.5469,0.003269,85
simulation_4spheres_1001_v32,1001,32,8.6027,0.012367,85
simulation_4spheres_1001_v33,1001,33,6.2724,0.018160,85
simulation_4spheres_1001_v34,1001,34,4.7197,0.001432,85
simulation_4spheres_1001_v35,1001,35,3.9375,0.014536,85
simulation_4spheres_1001_v36,1001,36,8.8076,0.015441,85
simulation_4spheres_1001_v37,1001,37,5.2897,0.015943,85
simulation_4spheres_1001_v38,1001,38,4.4227,0.003676,85
simulation_4spheres_1001_v39,1001,39,7.7279,0.012840,85
simulation_4spheres_1001_v40,1001,40,6.0047,0.019342,85
simulation_4spheres_1001_v41,1001,41,3.8856,0.004418,85
simulation_4spheres_1001_v42,1001,42,8.5941,0.017283,85
simulation_4spheres_1001_v43,1001,43,7.3070,0.003995,85
simulation_4spheres_1001_v44,1001,44,5.2978,0.002476,85
simulation_4spheres_1001_v45,1001,45,5.8882,0.002378,85
simulation_4spheres_1001_v46,1001,46,8.1498,0.001700,85
simulation_4spheres_1001_v47,1001,47,5.5565,0.007239,85
simulation_4spheres_1001_v48,1001,48,3.6479,0.009528,85
simulation_4spheres_1001_v49,1001,49,3.2744,0.004524,85
simulation_4spheres_1010_v0,1010,0,4.6949,0.017796,85
simulation_4spheres_1010_v1,1010,1,7.9853,0.018236,85
simulation_4spheres_1010_v2,1010,2,8.0176,0.013854,85
simulation_4spheres_1010_v3,1010,3,7.5193,0.004884,85
simulation_4spheres_1010_v4,1010,4,6.3515,0.006735,85
simulation_4spheres_1010_v5,1010,5,7.1534,0.013651,85
simulation_4spheres_1010_v6,1010,6,5.7559,0.009856,85
simulation_4spheres_1010_v7,1010,7,6.2875,0.012288,85
simulation_4spheres_1010_v8,1010,8,3.0158,0.007618,85
simulation_4spheres_1010_v9,1010,9,6.9421,0.010461,85
simulation_4spheres_1010_v10,1010,10,5.5943,0.002752,85
simulation_4spheres_1010_v11,1010,11,3.5193,0.010884,85
simulation_4spheres_1010_v12,1010,12,6.6973,0.001586,85
simulation_4spheres_1010_v13,1010,13,5.1719,0.012341,85
simulation_4spheres_1010_v14,1010,14,4.5961,0.016972,85
simulation_4spheres_1010_v15,1010,15,4.9482,0.012978,85
simulation_4spheres_1010_v16,1010,16,3.1838,0.018674,85
simulation_4spheres_1010_v17,1010,17,7.0727,0.012000,85
simulation_4spheres_1010_v18,1010,18,7.2802,0.018516,85
simulation_4spheres_1010_v19,1010,19,5.4268,0.005426,85
simulation_4spheres_1010_v20,1010,20,3.4936,0.018395,85
simulation_4spheres_1010_v21,1010,21,8.3191,0.005774,85
simulation_4spheres_1010_v22,1010,22,3.4112,0.009407,85
simulation_4spheres_1010_v23,1010,23,6.8967,0.012028,85
simulation_4spheres_1010_v24,1010,24,4.5475,0.007287,85
simulation_4spheres_1010_v25,1010,25,8.4171,0.005081,85
simulation_4spheres_1010_v26,1010,26,5.8867,0.007516,85
simulation_4spheres_1010_v27,1010,27,4.4670,0.002456,85
simulation_4spheres_1010_v28,1010,28,5.6098,0.002084,85
simulation_4spheres_1010_v29,1010,29,3.2197,0.009666,85
simulation_4spheres_1010_v30,1010,30,6.6395,0.005071,85
simulation_4spheres_1010_v31,1010,31,5.7596,0.010949,85
simulation_4spheres_1010_v32,1010,32,8.8520,0.011086,85
simulation_4spheres_1010_v33,1010,33,7.2446,0.019505,85
simulation_4spheres_1010_v34,1010,34,5.1149,0.011292,85
simulation_4spheres_1010_v35,1010,35,8.2250,0.015787,85
simulation_4spheres_1010_v36,1010,36,7.4104,0.010947,85
simulation_4spheres_1010_v37,1010,37,3.7175,0.018635,85
simulation_4spheres_1010_v38,1010,38,4.2749,0.014241,85
simulation_4spheres_1010_v39,1010,39,8.1119,0.008487,85
simulation_4spheres_1010_v40,1010,40,4.4452,0.001660,85
simulation_4spheres_1010_v41,1010,41,7.1688,0.016380,85
simulation_4spheres_1010_v42,1010,42,7.5692,0.018922,85
simulation_4spheres_1010_v43,1010,43,3.2784,0.018108,85
simulation_4spheres_1010_v44,1010,44,5.4078,0.010066,85
simulation_4spheres_1010_v45,1010,45,5.3821,0.014715,85
simulation_4spheres_1010_v46,1010,46,3.6912,0.005975,85
simulation_4spheres_1010_v47,1010,47,3.4133,0.004358,85
simulation_4spheres_1010_v48,1010,48,5.9095,0.008368,85
simulation_4spheres_1010_v49,1010,49,6.8698,0.008031,85
simulation_4spheres_1011_v0,1011,0,6.2722,0.016387,85
simulation_4spheres_1011_v1,1011,1,5.6486,0.007616,85
simulation_4spheres_1011_v2,1011,2,6.9165,0.016488,85
simulation_4spheres_1011_v3,1011,3,3.7729,0.002908,85
simulation_4spheres_1011_v4,1011,4,3.6842,0.017759,85
simulation_4spheres_1011_v5,1011,5,7.5197,0.006403,85
simulation_4spheres_1011_v6,1011,6,5.7564,0.006691,85
simulation_4spheres_1011_v7,1011,7,7.6626,0.001127,85
simulation_4spheres_1011_v8,1011,8,8.7538,0.019731,85
simulation_4spheres_1011_v9,1011,9,8.5884,0.005731,85
simulation_4spheres_1011_v10,1011,10,4.5592,0.018494,85
simulation_4spheres_1011_v11,1011,11,7.1252,0.015830,85
simulation_4spheres_1011_v12,1011,12,6.5027,0.012234,85
simulation_4spheres_1011_v13,1011,13,6.6637,0.005570,85
simulation_4spheres_1011_v14,1011,14,6.7868,0.007759,85
simulation_4spheres_1011_v15,1011,15,7.5548,0.011002,85
simulation_4spheres_1011_v16,1011,16,6.7015,0.006725,85
simulation_4spheres_1011_v17,1011,17,4.3623,0.009935,85
simulation_4spheres_1011_v18,1011,18,4.5105,0.003725,85
simulation_4spheres_1011_v19,1011,19,6.3668,0.004685,85
simulation_4spheres_1011_v20,1011,20,8.1869,0.003280,85
simulation_4spheres_1011_v21,1011,21,8.9328,0.009968,85
simulation_4spheres_1011_v22,1011,22,7.3450,0.011599,85
simulation_4spheres_1011_v23,1011,23,8.1754,0.002447,85
simulation_4spheres_1011_v24,1011,24,3.2667,0.016215,85
simulation_4spheres_1011_v25,1011,25,5.3918,0.004856,85
simulation_4spheres_1011_v26,1011,26,8.2784,0.003362,85
simulation_4spheres_1011_v27,1011,27,6.5092,0.008563,85
simulation_4spheres_1011_v28,1011,28,3.6969,0.012513,85
simulation_4spheres_1011_v29,1011,29,5.0458,0.009555,85
simulation_4spheres_1011_v30,1011,30,5.5315,0.018285,85
simulation_4spheres_1011_v31,1011,31,6.4676,0.015691,85
simulation_4spheres_1011_v32,1011,32,4.9893,0.017130,85
simulation_4spheres_1011_v33,1011,33,4.7128,0.014777,85
simulation_4spheres_1011_v34,1011,34,5.9087,0.016494,85
simulation_4spheres_1011_v35,1011,35,7.3317,0.019552,85
simulation_4spheres_1011_v36,1011,36,6.9346,0.004619,85
simulation_4spheres_1011_v37,1011,37,7.2633,0.015210,85
simulation_4spheres_1011_v38,1011,38,5.2643,0.016949,85
simulation_4spheres_1011_v39,1011,39,7.3099,0.009623,85
simulation_4spheres_1011_v40,1011,40,7.2946,0.001440,85
simulation_4spheres_1011_v41,1011,41,3.7739,0.014431,85
simulation_4spheres_1011_v42,1011,42,6.0467,0.009543,85
simulation_4spheres_1011_v43,1011,43,7.5599,0.014442,85
simulation_4spheres_1011_v44,1011,44,3.9067,0.004411,85
simulation_4spheres_1011_v45,1011,45,6.1187,0.003555,85
simulation_4spheres_1011_v46,1011,46,6.4928,0.009894,85
simulation_4spheres_1011_v47,1011,47,3.3490,0.002202,85
simulation_4spheres_1011_v48,1011,48,6.6260,0.014716,85
simulation_4spheres_1011_v49,1011,49,4.1948,0.007505,85
simulation_4spheres_1100_v0,1100,0,8.1455,0.019196,85
simulation_4spheres_1100_v1,1100,1,4.8677,0.009130,85
simulation_4spheres_1100_v2,1100,2,3.6957,0.006525,85
simulation_4spheres_1100_v3,1100,3,6.5842,0.008553,85
simulation_4spheres_1100_v4,1100,4,4.2810,0.003958,85
simulation_4spheres_1100_v5,1100,5,5.4106,0.003698,85
simulation_4spheres_1100_v6,1100,6,8.1396,0.019767,85
simulation_4spheres_1100_v7,1100,7,4.8576,0.001836,85
simulation_4spheres_1100_v8,1100,8,5.5695,0.004822,85
simulation_4spheres_1100_v9,1100,9,4.6711,0.007092,85
simulation_4spheres_1100_v10,1100,10,3.0158,0.011313,85
simulation_4spheres_1100_v11,1100,11,7.7233,0.017553,85
simulation_4spheres_1100_v12,1100,12,5.5236,0.014641,85
simulation_4spheres_1100_v13,1100,13,4.3526,0.013118,85
simulation_4spheres_1100_v14,1100,14,6.1596,0.018198,85
simulation_4spheres_1100_v15,1100,15,8.9334,0.008244,85
simulation_4spheres_1100_v16,1100,16,6.5375,0.015785,85
simulation_4spheres_1100_v17,1100,17,4.5771,0.009950,85
simulation_4spheres_1100_v18,1100,18,7.4653,0.008458,85
simulation_4spheres_1100_v19,1100,19,8.4772,0.006124,85
simulation_4spheres_1100_v20,1100,20,4.0327,0.004211,85
simulation_4spheres_1100_v21,1100,21,3.3053,0.018044,85
simulation_4spheres_1100_v22,1100,22,3.5633,0.001360,85
simulation_4spheres_1100_v23,1100,23,4.4363,0.009370,85
simulation_4spheres_1100_v24,1100,24,4.8716,0.019986,85
simulation_4spheres_1100_v25,1100,25,4.2248,0.009087,85
simulation_4spheres_1100_v26,1100,26,6.4029,0.005444,85
simulation_4spheres_1100_v27,1100,27,8.2546,0.002504,85
simulation_4spheres_1100_v28,1100,28,7.2514,0.007195,85
simulation_4spheres_1100_v29,1100,29,6.7876,0.004353,85
simulation_4spheres_1100_v30,1100,30,3.5949,0.010869,85
simulation_4spheres_1100_v31,1100,31,6.0069,0.007462,85
simulation_4spheres_1100_v32,1100,32,6.0749,0.013792,85
simulation_4spheres_1100_v33,1100,33,4.1932,0.003262,85
simulation_4spheres_1100_v34,1100,34,4.2417,0.002909,85
simulation_4spheres_1100_v35,1100,35,8.2515,0.003235,85
simulation_4spheres_1100_v36,1100,36,5.8241,0.013426,85
simulation_4spheres_1100_v37,1100,37,4.6309,0.004399,85
simulation_4spheres_1100_v38,1100,38,7.7331,0.006715,85
simulation_4spheres_1100_v39,1100,39,5.6109,0.010935,85
simulation_4spheres_1100_v40,1100,40,7.5449,0.004397,85
simulation_4spheres_1100_v41,1100,41,3.2874,0.018518,85
simulation_4spheres_1100_v42,1100,42,8.9800,0.012735,85
simulation_4spheres_1100_v43,1100,43,4.7847,0.016854,85
simulation_4spheres_1100_v44,1100,44,6.1251,0.003545,85
simulation_4spheres_1100_v45,1100,45,6.3225,0.017834,85
simulation_4spheres_1100_v46,1100,46,4.0778,0.014852,85
simulation_4spheres_1100_v47,1100,47,4.3185,0.005613,85
simulation_4spheres_1100_v48,1100,48,8.8534,0.005240,85
simulation_4spheres_1100_v49,1100,49,4.4939,0.015260,85
simulation_4spheres_1101_v0,1101,0,3.8474,0.005738,85
simulation_4spheres_1101_v1,1101,1,4.9269,0.013354,85
simulation_4spheres_1101_v2,1101,2,7.8561,0.008633,85
simulation_4spheres_1101_v3,1101,3,5.9339,0.009310,85
simulation_4spheres_1101_v4,1101,4,4.9575,0.005667,85
simulation_4spheres_1101_v5,1101,5,3.2083,0.015287,85
simulation_4spheres_1101_v6,1101,6,6.1184,0.002893,85
simulation_4spheres_1101_v7,1101,7,6.6581,0.002662,85
simulation_4spheres_1101_v8,1101,8,5.6868,0.019734,85
simulation_4spheres_1101_v9,1101,9,7.2360,0.019667,85
simulation_4spheres_1101_v10,1101,10,7.7857,0.014136,85
simulation_4spheres_1101_v11,1101,11,7.9909,0.005074,85
simulation_4spheres_1101_v12,1101,12,7.6864,0.011511,85
simulation_4spheres_1101_v13,1101,13,8.8722,0.012408,85
simulation_4spheres_1101_v14,1101,14,7.4562,0.015871,85
simulation_4spheres_1101_v15,1101,15,7.5194,0.015074,85
simulation_4spheres_1101_v16,1101,16,7.7858,0.015748,85
simulation_4spheres_1101_v17,1101,17,4.2107,0.013498,85
simulation_4spheres_1101_v18,1101,18,6.7454,0.004455,85
simulation_4spheres_1101_v19,1101,19,4.6737,0.019261,85
simulation_4spheres_1101_v20,1101,20,5.4211,0.006146,85
simulation_4spheres_1101_v21,1101,21,7.8017,0.004130,85
simulation_4spheres_1101_v22,1101,22,4.5319,0.001379,85
simulation_4spheres_1101_v23,1101,23,3.5207,0.009001,85
simulation_4spheres_1101_v24,1101,24,4.1198,0.002635,85
simulation_4spheres_1101_v25,1101,25,8.9922,0.012517,85
simulation_4spheres_1101_v26,1101,26,8.1284,0.005421,85
simulation_4spheres_1101_v27,1101,27,3.7514,0.015511,85
simulation_4spheres_1101_v28,1101,28,6.7193,0.006034,85
simulation_4spheres_1101_v29,1101,29,6.2940,0.011552,85
simulation_4spheres_1101_v30,1101,30,7.6867,0.009397,85
simulation_4spheres_1101_v31,1101,31,3.7556,0.003974,85
simulation_4spheres_1101_v32,1101,32,6.3428,0.001833,85
simulation_4spheres_1101_v33,1101,33,7.4784,0.006046,85
simulation_4spheres_1101_v34,1101,34,5.4652,0.009103,85
simulation_4spheres_1101_v35,1101,35,6.0180,0.017014,85
simulation_4spheres_1101_v36,1101,36,8.1830,0.015818,85
simulation_4spheres_1101_v37,1101,37,8.6566,0.018582,85
simulation_4spheres_1101_v38,1101,38,8.3069,0.010526,85
simulation_4spheres_1101_v39,1101,39,4.3754,0.019858,85
simulation_4spheres_1101_v40,1101,40,7.2479,0.018399,85
simulation_4spheres_1101_v41,1101,41,7.9429,0.008164,85
simulation_4spheres_1101_v42,1101,42,3.5082,0.013155,85
simulation_4spheres_1101_v43,1101,43,7.4979,0.016708,85
simulation_4spheres_1101_v44,1101,44,6.1219,0.008882,85
simulation_4spheres_1101_v45,1101,45,6.0433,0.013049,85
simulation_4spheres_1101_v46,1101,46,4.8516,0.011102,85
simulation_4spheres_1101_v47,1101,47,8.9057,0.010254,85
simulation_4spheres_1101_v48,1101,48,4.8332,0.014798,85
simulation_4spheres_1101_v49,1101,49,8.1871,0.009986,85
simulation_4spheres_1110_v0,1110,0,5.6851,0.015425,85
simulation_4spheres_1110_v1,1110,1,3.7088,0.011581,85
simulation_4spheres_1110_v2,1110,2,8.8423,0.018497,85
simulation_4spheres_1110_v3,1110,3,7.3771,0.019114,85
simulation_4spheres_1110_v4,1110,4,5.6409,0.008900,85
simulation_4spheres_1110_v5,1110,5,3.9005,0.013461,85
simulation_4spheres_1110_v6,1110,6,4.5247,0.003894,85
simulation_4spheres_1110_v7,1110,7,6.4166,0.017553,85
simulation_4spheres_1110_v8,1110,8,6.9990,0.006858,85
simulation_4spheres_1110_v9,1110,9,6.0437,0.009952,85
simulation_4spheres_1110_v10,1110,10,6.3698,0.010274,85
simulation_4spheres_1110_v11,1110,11,6.1155,0.017813,85
simulation_4spheres_1110_v12,1110,12,5.9996,0.013705,85
simulation_4spheres_1110_v13,1110,13,8.3780,0.001344,85
simulation_4spheres_1110_v14,1110,14,4.4068,0.002193,85
simulation_4spheres_1110_v15,1110,15,3.3573,0.005327,85
simulation_4spheres_1110_v16,1110,16,6.5860,0.011196,85
simulation_4spheres_1110_v17,1110,17,8.0265,0.019228,85
simulation_4spheres_1110_v18,1110,18,4.4830,0.017213,85
simulation_4spheres_1110_v19,1110,19,3.3829,0.003870,85
simulation_4spheres_1110_v20,1110,20,4.7013,0.017979,85
simulation_4spheres_1110_v21,1110,21,3.2605,0.012042,85
simulation_4spheres_1110_v22,1110,22,6.5215,0.002161,85
simulation_4spheres_1110_v23,1110,23,6.7653,0.007429,85
simulation_4spheres_1110_v24,1110,24,5.3704,0.008052,85
simulation_4spheres_1110_v25,1110,25,6.6657,0.006273,85
simulation_4spheres_1110_v26,1110,26,6.8093,0.010172,85
simulation_4spheres_1110_v27,1110,27,4.7984,0.008416,85
simulation_4spheres_1110_v28,1110,28,8.5983,0.010853,85
simulation_4spheres_1110_v29,1110,29,6.4292,0.001074,85
simulation_4spheres_1110_v30,1110,30,4.2530,0.002260,85
simulation_4spheres_1110_v31,1110,31,7.8384,0.016707,85
simulation_4spheres_1110_v32,1110,32,6.6022,0.006141,85
simulation_4spheres_1110_v33,1110,33,7.2707,0.003404,85
simulation_4spheres_1110_v34,1110,34,8.1098,0.009517,85
simulation_4spheres_1110_v35,1110,35,6.2883,0.019679,85
simulation_4spheres_1110_v36,1110,36,7.2746,0.005432,85
simulation_4spheres_1110_v37,1110,37,8.6539,0.011076,85
simulation_4spheres_1110_v38,1110,38,7.1446,0.006718,85
simulation_4spheres_1110_v39,1110,39,8.4788,0.007569,85
simulation_4spheres_1110_v40,1110,40,7.2197,0.018936,85
simulation_4spheres_1110_v41,1110,41,7.7541,0.003338,85
simulation_4spheres_1110_v42,1110,42,4.7702,0.012355,85
simulation_4spheres_1110_v43,1110,43,8.8083,0.015115,85
simulation_4spheres_1110_v44,1110,44,5.0942,0.007748,85
simulation_4spheres_1110_v45,1110,45,4.6707,0.019767,85
simulation_4spheres_1110_v46,1110,46,8.7832,0.018779,85
simulation_4spheres_1110_v47,1110,47,8.9465,0.016739,85
simulation_4spheres_1110_v48,1110,48,7.3477,0.005644,85
simulation_4spheres_1110_v49,1110,49,8.4125,0.016349,85
simulation_4spheres_1111_v0,1111,0,7.3634,0.010683,85
simulation_4spheres_1111_v1,1111,1,6.7247,0.017087,85
simulation_4spheres_1111_v2,1111,2,6.8703,0.010859,85
simulation_4spheres_1111_v3,1111,3,6.9499,0.009282,85
simulation_4spheres_1111_v4,1111,4,4.1937,0.015060,85
simulation_4spheres_1111_v5,1111,5,8.2511,0.003496,85
simulation_4spheres_1111_v6,1111,6,6.6208,0.018509,85
simulation_4spheres_1111_v7,1111,7,6.0608,0.007493,85
simulation_4spheres_1111_v8,1111,8,4.0659,0.015607,85
simulation_4spheres_1111_v9,1111,9,7.2783,0.013655,85
simulation_4spheres_1111_v10,1111,10,8.7591,0.016334,85
simulation_4spheres_1111_v11,1111,11,4.1943,0.015128,85
simulation_4spheres_1111_v12,1111,12,4.2382,0.001395,85
simulation_4spheres_1111_v13,1111,13,8.6238,0.013698,85
simulation_4spheres_1111_v14,1111,14,8.2961,0.007358,85
simulation_4spheres_1111_v15,1111,15,8.5095,0.016332,85
simulation_4spheres_1111_v16,1111,16,6.8638,0.002171,85
simulation_4spheres_1111_v17,1111,17,4.3534,0.010954,85
simulation_4spheres_1111_v18,1111,18,7.7386,0.016850,85
simulation_4spheres_1111_v19,1111,19,6.0903,0.007544,85
simulation_4spheres_1111_v20,1111,20,8.3294,0.010392,85
simulation_4spheres_1111_v21,1111,21,5.6352,0.012663,85
simulation_4spheres_1111_v22,1111,22,6.2598,0.011958,85
simulation_4spheres_1111_v23,1111,23,7.5544,0.011852,85
simulation_4spheres_1111_v24,1111,24,6.7660,0.014654,85
simulation_4spheres_1111_v25,1111,25,5.0279,0.013897,85
simulation_4spheres_1111_v26,1111,26,4.0752,0.011852,85
simulation_4spheres_1111_v27,1111,27,8.3933,0.001207,85
simulation_4spheres_1111_v28,1111,28,7.7124,0.013560,85
simulation_4spheres_1111_v29,1111,29,7.4388,0.011974,85
simulation_4spheres_1111_v30,1111,30,3.1814,0.016332,85
simulation_4spheres_1111_v31,1111,31,4.1530,0.007761,85
simulation_4spheres_1111_v32,1111,32,5.0764,0.018894,85
simulation_4spheres_1111_v33,1111,33,6.6705,0.011307,85
simulation_4spheres_1111_v34,1111,34,3.4436,0.010779,85
simulation_4spheres_1111_v35,1111,35,8.2796,0.004033,85
simulation_4spheres_1111_v36,1111,36,7.0794,0.004288,85
simulation_4spheres_1111_v37,1111,37,8.6189,0.016476,85
simulation_4spheres_1111_v38,1111,38,4.8515,0.018305,85
simulation_4spheres_1111_v39,1111,39,8.2977,0.014757,85
simulation_4spheres_1111_v40,1111,40,3.6467,0.017269,85
simulation_4spheres_1111_v41,1111,41,7.9891,0.009328,85
simulation_4spheres_1111_v42,1111,42,6.7910,0.002568,85
simulation_4spheres_1111_v43,1111,43,7.1864,0.007126,85
simulation_4spheres_1111_v44,1111,44,7.2930,0.018187,85
simulation_4spheres_1111_v45,1111,45,3.9109,0.008688,85
simulation_4spheres_1111_v46,1111,46,6.2564,0.014715,85
simulation_4spheres_1111_v47,1111,47,6.9716,0.014128,85
simulation_4spheres_1111_v48,1111,48,5.9943,0.010610,85
simulation_4spheres_1111_v49,1111,49,4.9672,0.017326,85
