frame,t_s,x_left,x_right,y_bottom,y_top,v_inst,infile,merged_out,png,timestamp
0,0.000,0.500,0.700,0.540,0.660,0.050,frame_0000.in,frame_0000_merged.out,,2025-11-24 21:51:31
1,0.200,0.510,0.710,0.540,0.660,0.054,frame_0001.in,frame_0001_merged.out,,2025-11-24 21:51:34
2,0.400,0.522,0.722,0.540,0.660,0.058,frame_0002.in,frame_0002_merged.out,,2025-11-24 21:51:37
3,0.600,0.534,0.734,0.540,0.660,0.062,frame_0003.in,frame_0003_merged.out,,2025-11-24 21:51:40
4,0.800,0.546,0.746,0.540,0.660,0.066,frame_0004.in,frame_0004_merged.out,,2025-11-24 21:51:42
5,1.000,0.560,0.760,0.540,0.660,0.070,frame_0005.in,frame_0005_merged.out,,2025-11-24 21:51:45
6,1.200,0.574,0.774,0.540,0.660,0.074,frame_0006.in,frame_0006_merged.out,,2025-11-24 21:51:48
7,1.400,0.590,0.790,0.540,0.660,0.078,frame_0007.in,frame_0007_merged.out,,2025-11-24 21:51:51
8,1.600,0.606,0.806,0.540,0.660,0.082,frame_0008.in,frame_0008_merged.out,,2025-11-24 21:51:54
9,1.800,0.622,0.822,0.540,0.660,0.086,frame_0009.in,frame_0009_merged.out,,2025-11-24 21:51:57
10,2.000,0.640,0.840,0.540,0.660,0.090,frame_0010.in,frame_0010_merged.out,,2025-11-24 21:52:00
11,2.200,0.658,0.858,0.540,0.660,0.094,frame_0011.in,frame_0011_merged.out,,2025-11-24 21:52:03
12,2.400,0.678,0.878,0.540,0.660,0.098,frame_0012.in,frame_0012_merged.out,,2025-11-24 21:52:06
13,2.600,0.698,0.898,0.540,0.660,0.102,frame_0013.in,frame_0013_merged.out,,2025-11-24 21:52:09
14,2.800,0.718,0.918,0.540,0.660,0.106,frame_0014.in,frame_0014_merged.out,,2025-11-24 21:52:12
15,3.000,0.740,0.940,0.540,0.660,0.110,frame_0015.in,frame_0015_merged.out,,2025-11-24 21:52:15
16,3.200,0.762,0.962,0.540,0.660,0.114,frame_0016.in,frame_0016_merged.out,,2025-11-24 21:52:18
17,3.400,0.786,0.986,0.540,0.660,0.118,frame_0017.in,frame_0017_merged.out,,2025-11-24 21:52:21
18,3.600,0.810,1.010,0.540,0.660,0.122,frame_0018.in,frame_0018_merged.out,,2025-11-24 21:52:24
19,3.800,0.834,1.034,0.540,0.660,0.126,frame_0019.in,frame_0019_merged.out,,2025-11-24 21:52:27
20,4.000,0.860,1.060,0.540,0.660,0.130,frame_0020.in,frame_0020_merged.out,,2025-11-24 21:52:30
21,4.200,0.886,1.086,0.540,0.660,0.134,frame_0021.in,frame_0021_merged.out,,2025-11-24 21:52:33
22,4.400,0.914,1.114,0.540,0.660,0.138,frame_0022.in,frame_0022_merged.out,,2025-11-24 21:52:36
23,4.600,0.942,1.142,0.540,0.660,0.142,frame_0023.in,frame_0023_merged.out,,2025-11-24 21:52:38
24,4.800,0.970,1.170,0.540,0.660,0.146,frame_0024.in,frame_0024_merged.out,,2025-11-24 21:52:41
25,5.000,1.000,1.200,0.540,0.660,0.150,frame_0025.in,frame_0025_merged.out,,2025-11-24 21:52:44
26,5.200,1.030,1.230,0.540,0.660,0.154,frame_0026.in,frame_0026_merged.out,,2025-11-24 21:52:47
27,5.400,1.062,1.262,0.540,0.660,0.158,frame_0027.in,frame_0027_merged.out,,2025-11-24 21:52:50
28,5.600,1.094,1.294,0.540,0.660,0.162,frame_0028.in,frame_0028_merged.out,,2025-11-24 21:52:53
29,5.800,1.126,1.326,0.540,0.660,0.166,frame_0029.in,frame_0029_merged.out,,2025-11-24 21:52:56
30,6.000,1.160,1.360,0.540,0.660,0.170,frame_0030.in,frame_0030_merged.out,,2025-11-24 21:52:59
31,6.200,1.194,1.394,0.540,0.660,0.174,frame_0031.in,frame_0031_merged.out,,2025-11-24 21:53:02
32,6.400,1.230,1.430,0.540,0.660,0.178,frame_0032.in,frame_0032_merged.out,,2025-11-24 21:53:05
33,6.600,1.266,1.466,0.540,0.660,0.182,frame_0033.in,frame_0033_merged.out,,2025-11-24 21:53:08
34,6.800,1.302,1.502,0.540,0.660,0.186,frame_0034.in,frame_0034_merged.out,,2025-11-24 21:53:11
35,7.000,1.340,1.540,0.540,0.660,0.190,frame_0035.in,frame_0035_merged.out,,2025-11-24 21:53:14
36,7.200,1.378,1.578,0.540,0.660,0.194,frame_0036.in,frame_0036_merged.out,,2025-11-24 21:53:17
37,7.400,1.418,1.618,0.540,0.660,0.198,frame_0037.in,frame_0037_merged.out,,2025-11-24 21:53:20
38,7.600,1.458,1.658,0.540,0.660,0.202,frame_0038.in,frame_0038_merged.out,,2025-11-24 21:53:23
39,7.800,1.498,1.698,0.540,0.660,0.206,frame_0039.in,frame_0039_merged.out,,2025-11-24 21:53:26
40,8.000,1.540,1.740,0.540,0.660,0.210,frame_0040.in,frame_0040_merged.out,,2025-11-24 21:53:29
41,8.200,1.582,1.782,0.540,0.660,0.214,frame_0041.in,frame_0041_merged.out,,2025-11-24 21:53:32
42,8.400,1.626,1.826,0.540,0.660,0.218,frame_0042.in,frame_0042_merged.out,,2025-11-24 21:53:35
43,8.600,1.670,1.870,0.540,0.660,0.222,frame_0043.in,frame_0043_merged.out,,2025-11-24 21:53:38
44,8.800,1.714,1.914,0.540,0.660,0.226,frame_0044.in,frame_0044_merged.out,,2025-11-24 21:53:41
45,9.000,1.760,1.960,0.540,0.660,0.230,frame_0045.in,frame_0045_merged.out,,2025-11-24 21:53:43
46,9.200,1.806,2.006,0.540,0.660,0.234,frame_0046.in,frame_0046_merged.out,,2025-11-24 21:53:46
47,9.400,1.854,2.054,0.540,0.660,0.238,frame_0047.in,frame_0047_merged.out,,2025-11-24 21:53:49
48,9.600,1.902,2.102,0.540,0.660,0.242,frame_0048.in,frame_0048_merged.out,,2025-11-24 21:53:53
49,9.800,1.950,2.150,0.540,0.660,0.246,frame_0049.in,frame_0049_merged.out,,2025-11-24 21:53:55
50,10.000,2.000,2.200,0.540,0.660,0.250,frame_0050.in,frame_0050_merged.out,,2025-11-24 21:53:58
51,10.200,2.050,2.250,0.540,0.660,0.254,frame_0051.in,frame_0051_merged.out,,2025-11-24 21:54:01
52,10.400,2.102,2.302,0.540,0.660,0.258,frame_0052.in,frame_0052_merged.out,,2025-11-24 21:54:04
53,10.600,2.154,2.354,0.540,0.660,0.262,frame_0053.in,frame_0053_merged.out,,2025-11-24 21:54:07
54,10.800,2.206,2.406,0.540,0.660,0.266,frame_0054.in,frame_0054_merged.out,,2025-11-24 21:54:10
55,11.000,2.260,2.460,0.540,0.660,0.270,frame_0055.in,frame_0055_merged.out,,2025-11-24 21:54:13
56,11.200,2.314,2.514,0.540,0.660,0.274,frame_0056.in,frame_0056_merged.out,,2025-11-24 21:54:16
57,11.400,2.370,2.570,0.540,0.660,0.278,frame_0057.in,frame_0057_merged.out,,2025-11-24 21:54:19
58,11.600,2.426,2.626,0.540,0.660,0.282,frame_0058.in,frame_0058_merged.out,,2025-11-24 21:54:22
59,11.800,2.482,2.682,0.540,0.660,0.286,frame_0059.in,frame_0059_merged.out,,2025-11-24 21:54:25
60,12.000,2.540,2.740,0.540,0.660,0.290,frame_0060.in,frame_0060_merged.out,,2025-11-24 21:54:28
61,12.200,2.598,2.798,0.540,0.660,0.294,frame_0061.in,frame_0061_merged.out,,2025-11-24 21:54:31
62,12.400,2.658,2.858,0.540,0.660,0.298,frame_0062.in,frame_0062_merged.out,,2025-11-24 21:54:34
63,12.600,2.718,2.918,0.540,0.660,0.302,frame_0063.in,frame_0063_merged.out,,2025-11-24 21:54:37
64,12.800,2.778,2.978,0.540,0.660,0.306,frame_0064.in,frame_0064_merged.out,,2025-11-24 21:54:40
65,13.000,2.840,3.040,0.540,0.660,0.310,frame_0065.in,frame_0065_merged.out,,2025-11-24 21:54:43
66,13.200,2.902,3.102,0.540,0.660,0.314,frame_0066.in,frame_0066_merged.out,,2025-11-24 21:54:46
67,13.400,2.966,3.166,0.540,0.660,0.318,frame_0067.in,frame_0067_merged.out,,2025-11-24 21:54:48
68,13.600,3.030,3.230,0.540,0.660,0.322,frame_0068.in,frame_0068_merged.out,,2025-11-24 21:54:51
69,13.800,3.094,3.294,0.540,0.660,0.326,frame_0069.in,frame_0069_merged.out,,2025-11-24 21:54:54
70,14.000,3.160,3.360,0.540,0.660,0.330,frame_0070.in,frame_0070_merged.out,,2025-11-24 21:54:57
71,14.200,3.226,3.426,0.540,0.660,0.334,frame_0071.in,frame_0071_merged.out,,2025-11-24 21:55:00
72,14.400,3.294,3.494,0.540,0.660,0.338,frame_0072.in,frame_0072_merged.out,,2025-11-24 21:55:03
73,14.600,3.362,3.562,0.540,0.660,0.342,frame_0073.in,frame_0073_merged.out,,2025-11-24 21:55:06
74,14.800,3.430,3.630,0.540,0.660,0.346,frame_0074.in,frame_0074_merged.out,,2025-11-24 21:55:09
75,15.000,3.500,3.700,0.540,0.660,0.350,frame_0075.in,frame_0075_merged.out,,2025-11-24 21:55:12
76,15.200,3.570,3.770,0.540,0.660,0.354,frame_0076.in,frame_0076_merged.out,,2025-11-24 21:55:15
77,15.400,3.642,3.842,0.540,0.660,0.358,frame_0077.in,frame_0077_merged.out,,2025-11-24 21:55:18
78,15.600,3.714,3.914,0.540,0.660,0.362,frame_0078.in,frame_0078_merged.out,,2025-11-24 21:55:21
79,15.800,3.786,3.986,0.540,0.660,0.366,frame_0079.in,frame_0079_merged.out,,2025-11-24 21:55:24
80,16.000,3.860,4.060,0.540,0.660,0.370,frame_0080.in,frame_0080_merged.out,,2025-11-24 21:55:27
81,16.200,3.934,4.134,0.540,0.660,0.374,frame_0081.in,frame_0081_merged.out,,2025-11-24 21:55:30
82,16.400,4.010,4.210,0.540,0.660,0.378,frame_0082.in,frame_0082_merged.out,,2025-11-24 21:55:32
83,16.600,4.086,4.286,0.540,0.660,0.382,frame_0083.in,frame_0083_merged.out,,2025-11-24 21:55:35
84,16.800,4.162,4.362,0.540,0.660,0.386,frame_0084.in,frame_0084_merged.out,,2025-11-24 21:55:38
85,17.000,4.240,4.440,0.540,0.660,0.390,frame_0085.in,frame_0085_merged.out,,2025-11-24 21:55:41
86,17.200,4.318,4.518,0.540,0.660,0.394,frame_0086.in,frame_0086_merged.out,,2025-11-24 21:55:44
87,17.400,4.398,4.598,0.540,0.660,0.398,frame_0087.in,frame_0087_merged.out,,2025-11-24 21:55:47
88,17.600,4.478,4.678,0.540,0.660,0.402,frame_0088.in,frame_0088_merged.out,,2025-11-24 21:55:50
