scene_id,infile,n_blocks,blocks_coords,frequency_hz,tx_pos,rx_pos,n_traces,mute_ns,merged_outfile,png_file,timestamp
scene_0001,scene_0001.in,1,"(1.539,0.714,1.642,0.880)",4e8,"(0.30, 0.10, 0)","(0.34, 0.10, 0)",400,5.0,scene_0001_merged.out,,2025-10-15 13:22:10
scene_0002,scene_0002.in,1,"(1.820,0.374,1.946,0.509)",4e8,"(0.30, 0.10, 0)","(0.34, 0.10, 0)",400,5.0,scene_0002_merged.out,,2025-10-15 13:22:20
scene_0003,scene_0003.in,2,"(1.452,0.351,1.569,0.451); (1.444,0.369,1.533,0.451)",4e8,"(0.30, 0.10, 0)","(0.34, 0.10, 0)",400,5.0,scene_0003_merged.out,,2025-10-15 13:32:37
scene_0004,scene_0004.in,2,"(0.543,0.620,0.608,0.809); (0.539,0.546,0.700,0.743)",4e8,"(0.30, 0.10, 0)","(0.34, 0.10, 0)",400,5.0,scene_0004_merged.out,,2025-10-15 13:32:59
scene_0005,scene_0005.in,4,"(3.591,0.437,3.720,0.562); (3.463,0.435,3.636,0.505); (3.519,0.421,3.705,0.576); (3.635,0.443,3.733,0.532)",4e8,"(0.30, 0.10, 0)","(0.34, 0.10, 0)",400,5.0,scene_0005_merged.out,,2025-10-15 13:43:05
scene_0006,scene_0006.in,2,"(1.107,0.590,1.291,0.738); (1.283,0.501,1.421,0.645)",4e8,"(0.30, 0.10, 0)","(0.34, 0.10, 0)",400,5.0,scene_0006_merged.out,,2025-10-15 13:43:27
scene_0007,scene_0007.in,4,"(1.475,0.622,1.642,0.787); (1.428,0.738,1.669,0.888); (1.399,0.715,1.574,0.779); (1.347,0.707,1.593,0.890)",4e8,"(0.30, 0.10, 0)","(0.34, 0.10, 0)",400,5.0,scene_0007_merged.out,,2025-10-15 13:53:32
scene_0008,scene_0008.in,3,"(3.906,0.521,4.015,0.717); (3.846,0.379,4.065,0.529); (3.995,0.437,4.216,0.604)",4e8,"(0.30, 0.10, 0)","(0.34, 0.10, 0)",400,5.0,scene_0008_merged.out,,2025-10-15 13:54:08
scene_0009,scene_0009.in,3,"(3.390,0.432,3.522,0.595); (3.425,0.464,3.494,0.577); (3.421,0.420,3.633,0.478)",4e8,"(0.30, 0.10, 0)","(0.34, 0.10, 0)",400,5.0,scene_0009_merged.out,,2025-10-15 14:05:44
scene_0010,scene_0010.in,5,"(2.185,0.474,2.248,0.646); (2.169,0.421,2.383,0.610); (2.146,0.505,2.361,0.687); (2.029,0.609,2.230,0.707); (2.072,0.590,2.217,0.746)",4e8,"(0.30, 0.10, 0)","(0.34, 0.10, 0)",400,5.0,scene_0010_merged.out,,2025-10-15 14:07:24
scene_0011,scene_0011.in,1,"(3.908,0.573,3.969,0.755)",4e8,"(0.30, 0.10, 0)","(0.34, 0.10, 0)",400,5.0,scene_0011_merged.out,,2025-10-15 14:18:08
scene_0012,scene_0012.in,2,"(2.886,0.478,3.122,0.577); (2.727,0.513,2.916,0.593)",4e8,"(0.30, 0.10, 0)","(0.34, 0.10, 0)",400,5.0,scene_0012_merged.out,,2025-10-15 14:18:41
scene_0013,scene_0013.in,3,"(3.953,0.392,4.071,0.462); (4.064,0.436,4.248,0.505); (4.024,0.450,4.124,0.580)",4e8,"(0.30, 0.10, 0)","(0.34, 0.10, 0)",400,5.0,scene_0013_merged.out,,2025-10-15 14:28:52
scene_0014,scene_0014.in,2,"(3.217,0.805,3.343,0.933); (3.317,0.721,3.417,0.874)",4e8,"(0.30, 0.10, 0)","(0.34, 0.10, 0)",400,5.0,scene_0014_merged.out,,2025-10-15 14:29:35
scene_0015,scene_0015.in,4,"(1.825,0.384,1.879,0.572); (1.711,0.351,1.911,0.551); (1.772,0.364,2.021,0.468); (1.712,0.418,1.904,0.515)",4e8,"(0.30, 0.10, 0)","(0.34, 0.10, 0)",400,5.0,scene_0015_merged.out,,2025-10-15 14:39:33
scene_0016,scene_0016.in,3,"(0.829,0.793,1.018,0.924); (0.742,0.670,0.982,0.853); (0.667,0.817,0.903,0.930)",4e8,"(0.30, 0.10, 0)","(0.34, 0.10, 0)",400,5.0,scene_0016_merged.out,,2025-10-15 14:40:11
scene_0017,scene_0017.in,2,"(0.727,0.598,0.879,0.756); (0.707,0.719,0.903,0.783)",4e8,"(0.30, 0.10, 0)","(0.34, 0.10, 0)",400,5.0,scene_0017_merged.out,,2025-10-15 14:50:33
scene_0018,scene_0018.in,4,"(2.909,0.354,3.118,0.536); (2.845,0.440,2.955,0.588); (2.902,0.441,3.020,0.616); (2.795,0.453,2.942,0.523)",4e8,"(0.30, 0.10, 0)","(0.34, 0.10, 0)",400,5.0,scene_0018_merged.out,,2025-10-15 14:51:11
scene_0019,scene_0019.in,2,"(1.108,0.367,1.172,0.448); (0.943,0.404,1.135,0.550)",4e8,"(0.30, 0.10, 0)","(0.34, 0.10, 0)",400,5.0,scene_0019_merged.out,,2025-10-15 15:01:23
scene_0020,scene_0020.in,4,"(3.804,0.494,3.858,0.654); (3.840,0.560,4.038,0.615); (3.842,0.408,4.060,0.579); (3.750,0.572,3.985,0.677)",4e8,"(0.30, 0.10, 0)","(0.34, 0.10, 0)",400,5.0,scene_0020_merged.out,,2025-10-15 15:02:03
scene_0021,scene_0021.in,2,"(4.102,0.592,4.235,0.751); (3.998,0.523,4.129,0.710)",4e8,"(0.30, 0.10, 0)","(0.34, 0.10, 0)",400,5.0,scene_0021_merged.out,,2025-10-15 15:12:05
scene_0022,scene_0022.in,2,"(2.811,0.708,2.885,0.869); (2.760,0.698,2.912,0.788)",4e8,"(0.30, 0.10, 0)","(0.34, 0.10, 0)",400,5.0,scene_0022_merged.out,,2025-10-15 15:12:49
scene_0023,scene_0023.in,5,"(0.725,0.436,0.972,0.595); (0.864,0.590,1.097,0.675); (0.881,0.462,1.050,0.596); (0.784,0.590,0.909,0.694)",4e8,"(0.30, 0.10, 0)","(0.34, 0.10, 0)",400,5.0,scene_0023_merged.out,,2025-10-15 15:22:42
scene_0024,scene_0024.in,2,"(1.439,0.707,1.640,0.904); (1.454,0.709,1.598,0.835)",4e8,"(0.30, 0.10, 0)","(0.34, 0.10, 0)",400,5.0,scene_0024_merged.out,,2025-10-15 15:23:25
scene_0025,scene_0025.in,3,"(2.882,0.676,3.030,0.847); (2.974,0.708,3.215,0.794); (2.818,0.750,2.979,0.848)",4e8,"(0.30, 0.10, 0)","(0.34, 0.10, 0)",400,5.0,scene_0025_merged.out,,2025-10-15 15:33:27
scene_0026,scene_0026.in,5,"(1.131,0.610,1.335,0.793); (1.082,0.540,1.220,0.730); (0.962,0.699,1.209,0.886); (1.071,0.613,1.139,0.754); (0.965,0.558,1.193,0.739)",4e8,"(0.30, 0.10, 0)","(0.34, 0.10, 0)",400,5.0,scene_0026_merged.out,,2025-10-15 15:34:13
scene_0027,scene_0027.in,2,"(1.605,0.800,1.743,0.937); (1.539,0.677,1.749,0.866)",4e8,"(0.30, 0.10, 0)","(0.34, 0.10, 0)",400,5.0,scene_0027_merged.out,,2025-10-15 15:44:18
scene_0028,scene_0028.in,4,"(4.000,0.409,4.177,0.559); (4.148,0.478,4.227,0.615); (4.019,0.544,4.201,0.682); (4.045,0.490,4.245,0.551)",4e8,"(0.30, 0.10, 0)","(0.34, 0.10, 0)",400,5.0,scene_0028_merged.out,,2025-10-15 15:45:04
scene_0029,scene_0029.in,3,"(3.346,0.731,3.401,0.879); (3.398,0.768,3.453,0.844); (3.394,0.699,3.536,0.890)",4e8,"(0.30, 0.10, 0)","(0.34, 0.10, 0)",400,5.0,scene_0029_merged.out,,2025-10-15 15:55:18
scene_0030,scene_0030.in,3,"(1.274,0.620,1.376,0.727); (1.202,0.444,1.450,0.631); (1.052,0.574,1.280,0.638)",4e8,"(0.30, 0.10, 0)","(0.34, 0.10, 0)",400,5.0,scene_0030_merged.out,,2025-10-15 15:56:04
scene_0031,scene_0031.in,4,"(3.677,0.556,3.891,0.747); (3.717,0.427,3.888,0.587); (3.813,0.557,4.042,0.740); (3.826,0.567,3.884,0.742)",4e8,"(0.30, 0.10, 0)","(0.34, 0.10, 0)",400,5.0,scene_0031_merged.out,,2025-10-15 16:06:01
scene_0032,scene_0032.in,3,"(1.957,0.440,2.059,0.573); (1.927,0.525,2.026,0.720); (1.888,0.431,1.958,0.538)",4e8,"(0.30, 0.10, 0)","(0.34, 0.10, 0)",400,5.0,scene_0032_merged.out,,2025-10-15 16:06:43
scene_0033,scene_0033.in,2,"(1.672,0.479,1.744,0.610); (1.630,0.559,1.730,0.647)",4e8,"(0.30, 0.10, 0)","(0.34, 0.10, 0)",400,5.0,scene_0033_merged.out,,2025-10-15 16:16:49
scene_0034,scene_0034.in,3,"(2.750,0.777,2.971,0.944); (2.672,0.686,2.812,0.875); (2.683,0.866,2.871,0.931)",4e8,"(0.30, 0.10, 0)","(0.34, 0.10, 0)",400,5.0,scene_0034_merged.out,,2025-10-15 16:17:30
scene_0035,scene_0035.in,2,"(1.622,0.373,1.815,0.473); (1.754,0.437,1.967,0.573)",4e8,"(0.30, 0.10, 0)","(0.34, 0.10, 0)",400,5.0,scene_0035_merged.out,,2025-10-15 16:27:30
scene_0036,scene_0036.in,3,"(2.467,0.745,2.684,0.926); (2.409,0.830,2.475,0.887)",4e8,"(0.30, 0.10, 0)","(0.34, 0.10, 0)",400,5.0,scene_0036_merged.out,,2025-10-15 16:28:11
scene_0037,scene_0037.in,5,"(3.675,0.386,3.817,0.564); (3.776,0.466,3.881,0.643); (3.779,0.374,3.890,0.554); (3.758,0.505,3.926,0.574); (3.750,0.451,3.999,0.628)",4e8,"(0.30, 0.10, 0)","(0.34, 0.10, 0)",400,5.0,scene_0037_merged.out,,2025-10-15 16:38:26
scene_0038,scene_0038.in,2,"(2.383,0.375,2.575,0.558); (2.276,0.426,2.445,0.626)",4e8,"(0.30, 0.10, 0)","(0.34, 0.10, 0)",400,5.0,scene_0038_merged.out,,2025-10-15 16:39:09
scene_0039,scene_0039.in,4,"(1.255,0.861,1.374,0.919); (1.240,0.694,1.400,0.875); (1.204,0.676,1.310,0.868); (1.128,0.770,1.291,0.891)",4e8,"(0.30, 0.10, 0)","(0.34, 0.10, 0)",400,5.0,scene_0039_merged.out,,2025-10-15 16:49:15
scene_0040,scene_0040.in,3,"(3.602,0.756,3.663,0.812); (3.558,0.685,3.619,0.840); (3.556,0.732,3.649,0.850)",4e8,"(0.30, 0.10, 0)","(0.34, 0.10, 0)",400,5.0,scene_0040_merged.out,,2025-10-15 16:49:55
scene_0041,scene_0041.in,2,"(4.147,0.542,4.390,0.708); (3.971,0.531,4.192,0.644)",4e8,"(0.30, 0.10, 0)","(0.34, 0.10, 0)",400,5.0,scene_0041_merged.out,,2025-10-15 17:00:03
scene_0042,scene_0042.in,5,"(0.944,0.432,1.131,0.607); (1.054,0.353,1.301,0.433); (1.111,0.408,1.250,0.473); (0.978,0.420,1.180,0.546); (0.990,0.429,1.201,0.497)",4e8,"(0.30, 0.10, 0)","(0.34, 0.10, 0)",400,5.0,scene_0042_merged.out,,2025-10-15 17:00:45
scene_0043,scene_0043.in,4,"(1.416,0.866,1.504,0.939); (1.258,0.751,1.479,0.934); (1.402,0.753,1.473,0.911)",4e8,"(0.30, 0.10, 0)","(0.34, 0.10, 0)",400,5.0,scene_0043_merged.out,,2025-10-15 17:10:55
scene_0044,scene_0044.in,1,"(3.622,0.870,3.832,0.939)",4e8,"(0.30, 0.10, 0)","(0.34, 0.10, 0)",400,5.0,scene_0044_merged.out,,2025-10-15 17:11:33
scene_0045,scene_0045.in,3,"(3.639,0.709,3.731,0.772); (3.639,0.704,3.834,0.802); (3.540,0.587,3.757,0.715)",4e8,"(0.30, 0.10, 0)","(0.34, 0.10, 0)",400,5.0,scene_0045_merged.out,,2025-10-15 17:21:40
scene_0046,scene_0046.in,3,"(0.897,0.471,0.975,0.629); (0.749,0.627,0.904,0.691); (0.670,0.538,0.906,0.719)",4e8,"(0.30, 0.10, 0)","(0.34, 0.10, 0)",400,5.0,scene_0046_merged.out,,2025-10-15 17:22:22
scene_0047,scene_0047.in,1,"(2.096,0.374,2.236,0.519)",4e8,"(0.30, 0.10, 0)","(0.34, 0.10, 0)",400,5.0,scene_0047_merged.out,,2025-10-15 17:32:02
scene_0048,scene_0048.in,5,"(2.556,0.428,2.671,0.522); (2.588,0.407,2.664,0.465); (2.606,0.352,2.815,0.519); (2.504,0.407,2.665,0.487); (2.436,0.391,2.625,0.567)",4e8,"(0.30, 0.10, 0)","(0.34, 0.10, 0)",400,5.0,scene_0048_merged.out,,2025-10-15 17:32:46
scene_0049,scene_0049.in,5,"(3.875,0.785,4.105,0.866); (4.007,0.751,4.069,0.940); (3.899,0.767,4.138,0.864); (4.039,0.718,4.193,0.866); (4.060,0.666,4.230,0.828)",4e8,"(0.30, 0.10, 0)","(0.34, 0.10, 0)",400,5.0,scene_0049_merged.out,,2025-10-15 17:42:46
scene_0050,scene_0050.in,2,"(1.721,0.704,1.775,0.835); (1.639,0.791,1.823,0.888)",4e8,"(0.30, 0.10, 0)","(0.34, 0.10, 0)",400,5.0,scene_0050_merged.out,,2025-10-15 17:43:29
scene_0051,scene_0051.in,3,"(0.805,0.594,1.027,0.694); (0.725,0.590,0.812,0.729); (0.781,0.562,0.880,0.706)",4e8,"(0.30, 0.10, 0)","(0.34, 0.10, 0)",400,5.0,scene_0051_merged.out,,2025-10-15 17:53:23
scene_0052,scene_0052.in,5,"(2.736,0.350,2.878,0.523); (2.825,0.477,3.074,0.615); (2.793,0.497,2.843,0.633); (2.841,0.472,2.995,0.652); (2.841,0.456,2.981,0.512)",4e8,"(0.30, 0.10, 0)","(0.34, 0.10, 0)",400,5.0,scene_0052_merged.out,,2025-10-15 17:54:06
scene_0053,scene_0053.in,5,"(3.497,0.519,3.734,0.639); (3.541,0.638,3.704,0.798); (3.654,0.572,3.742,0.737); (3.633,0.623,3.741,0.818); (3.683,0.632,3.855,0.810)",4e8,"(0.30, 0.10, 0)","(0.34, 0.10, 0)",400,5.0,scene_0053_merged.out,,2025-10-15 18:04:18
scene_0054,scene_0054.in,2,"(4.347,0.443,4.492,0.593); (4.322,0.585,4.468,0.752)",4e8,"(0.30, 0.10, 0)","(0.34, 0.10, 0)",400,5.0,scene_0054_merged.out,,2025-10-15 18:04:57
scene_0055,scene_0055.in,3,"(1.720,0.767,1.954,0.946); (1.596,0.779,1.743,0.948); (1.728,0.860,1.905,0.929)",4e8,"(0.30, 0.10, 0)","(0.34, 0.10, 0)",400,5.0,scene_0055_merged.out,,2025-10-15 18:15:12
scene_0056,scene_0056.in,3,"(2.106,0.604,2.327,0.778); (2.191,0.767,2.320,0.950); (1.952,0.734,2.198,0.876)",4e8,"(0.30, 0.10, 0)","(0.34, 0.10, 0)",400,5.0,scene_0056_merged.out,,2025-10-15 18:15:52
scene_0057,scene_0057.in,5,"(2.079,0.739,2.284,0.827); (2.259,0.691,2.390,0.758); (2.156,0.749,2.373,0.819); (2.110,0.727,2.358,0.799); (2.279,0.733,2.414,0.840)",4e8,"(0.30, 0.10, 0)","(0.34, 0.10, 0)",400,5.0,scene_0057_merged.out,,2025-10-15 18:26:01
scene_0058,scene_0058.in,4,"(2.673,0.380,2.804,0.548); (2.799,0.438,2.982,0.605); (2.774,0.455,2.892,0.535); (2.787,0.432,2.949,0.555)",4e8,"(0.30, 0.10, 0)","(0.34, 0.10, 0)",400,5.0,scene_0058_merged.out,,2025-10-15 18:26:38
scene_0059,scene_0059.in,4,"(1.995,0.657,2.194,0.788); (1.854,0.714,2.023,0.893); (1.940,0.585,2.174,0.773); (1.908,0.598,2.126,0.773)",4e8,"(0.30, 0.10, 0)","(0.34, 0.10, 0)",400,5.0,scene_0059_merged.out,,2025-10-15 18:36:42
scene_0060,scene_0060.in,1,"(0.701,0.636,0.798,0.751)",4e8,"(0.30, 0.10, 0)","(0.34, 0.10, 0)",400,5.0,scene_0060_merged.out,,2025-10-15 18:37:20
scene_0061,scene_0061.in,4,"(0.559,0.602,0.689,0.685); (0.541,0.636,0.789,0.745); (0.669,0.602,0.802,0.769); (0.658,0.508,0.758,0.682)",4e8,"(0.30, 0.10, 0)","(0.34, 0.10, 0)",400,5.0,scene_0061_merged.out,,2025-10-15 18:47:28
scene_0062,scene_0062.in,2,"(0.516,0.536,0.675,0.712); (0.613,0.473,0.759,0.652)",4e8,"(0.30, 0.10, 0)","(0.34, 0.10, 0)",400,5.0,scene_0062_merged.out,,2025-10-15 18:48:14
scene_0063,scene_0063.in,5,"(0.998,0.748,1.116,0.877); (1.006,0.737,1.070,0.791); (0.814,0.691,1.020,0.858); (0.870,0.557,1.058,0.753)",4e8,"(0.30, 0.10, 0)","(0.34, 0.10, 0)",400,5.0,scene_0063_merged.out,,2025-10-15 18:58:18
scene_0064,scene_0064.in,4,"(1.279,0.824,1.477,0.880); (1.166,0.818,1.380,0.942); (1.358,0.774,1.476,0.857); (1.273,0.852,1.411,0.935)",4e8,"(0.30, 0.10, 0)","(0.34, 0.10, 0)",400,5.0,scene_0064_merged.out,,2025-10-15 18:59:04
scene_0065,scene_0065.in,3,"(3.243,0.723,3.380,0.812); (3.198,0.566,3.294,0.742); (3.162,0.620,3.392,0.785)",4e8,"(0.30, 0.10, 0)","(0.34, 0.10, 0)",400,5.0,scene_0065_merged.out,,2025-10-15 19:09:06
scene_0066,scene_0066.in,2,"(1.838,0.738,2.002,0.830); (1.785,0.680,1.892,0.868)",4e8,"(0.30, 0.10, 0)","(0.34, 0.10, 0)",400,5.0,scene_0066_merged.out,,2025-10-15 19:09:52
scene_0067,scene_0067.in,5,"(3.710,0.729,3.783,0.789); (3.618,0.652,3.715,0.746); (3.603,0.684,3.767,0.778); (3.652,0.644,3.844,0.759); (3.628,0.666,3.742,0.777)",4e8,"(0.30, 0.10, 0)","(0.34, 0.10, 0)",400,5.0,scene_0067_merged.out,,2025-10-15 19:20:01
scene_0068,scene_0068.in,1,"(1.248,0.629,1.466,0.792)",4e8,"(0.30, 0.10, 0)","(0.34, 0.10, 0)",400,5.0,scene_0068_merged.out,,2025-10-15 19:20:45
scene_0069,scene_0069.in,5,"(4.363,0.470,4.425,0.545); (4.252,0.532,4.477,0.702); (4.285,0.499,4.413,0.617)",4e8,"(0.30, 0.10, 0)","(0.34, 0.10, 0)",400,5.0,scene_0069_merged.out,,2025-10-15 19:30:52
scene_0070,scene_0070.in,1,"(0.961,0.778,1.159,0.902)",4e8,"(0.30, 0.10, 0)","(0.34, 0.10, 0)",400,5.0,scene_0070_merged.out,,2025-10-15 19:31:35
scene_0071,scene_0071.in,5,"(0.906,0.372,0.973,0.557); (0.878,0.499,0.980,0.582); (0.866,0.521,0.942,0.632); (0.661,0.409,0.910,0.585); (0.720,0.517,0.929,0.651)",4e8,"(0.30, 0.10, 0)","(0.34, 0.10, 0)",400,5.0,scene_0071_merged.out,,2025-10-15 19:41:42
scene_0072,scene_0072.in,4,"(2.011,0.758,2.250,0.842); (1.834,0.653,2.061,0.781); (2.030,0.679,2.280,0.828); (2.037,0.747,2.189,0.909)",4e8,"(0.30, 0.10, 0)","(0.34, 0.10, 0)",400,5.0,scene_0072_merged.out,,2025-10-15 19:42:22
scene_0073,scene_0073.in,2,"(0.575,0.827,0.786,0.881); (0.752,0.818,0.928,0.947)",4e8,"(0.30, 0.10, 0)","(0.34, 0.10, 0)",400,5.0,scene_0073_merged.out,,2025-10-15 19:52:31
scene_0074,scene_0074.in,3,"(1.805,0.603,1.923,0.713); (1.688,0.564,1.831,0.728); (1.804,0.582,1.962,0.753)",4e8,"(0.30, 0.10, 0)","(0.34, 0.10, 0)",400,5.0,scene_0074_merged.out,,2025-10-15 19:53:13
scene_0075,scene_0075.in,1,"(1.305,0.501,1.532,0.620)",4e8,"(0.30, 0.10, 0)","(0.34, 0.10, 0)",400,5.0,scene_0075_merged.out,,2025-10-15 20:03:11
scene_0076,scene_0076.in,1,"(1.799,0.686,2.040,0.882)",4e8,"(0.30, 0.10, 0)","(0.34, 0.10, 0)",400,5.0,scene_0076_merged.out,,2025-10-15 20:03:52
scene_0077,scene_0077.in,2,"(1.694,0.708,1.830,0.769); (1.614,0.761,1.861,0.914)",4e8,"(0.30, 0.10, 0)","(0.34, 0.10, 0)",400,5.0,scene_0077_merged.out,,2025-10-15 20:13:56
scene_0078,scene_0078.in,1,"(3.273,0.839,3.507,0.891)",4e8,"(0.30, 0.10, 0)","(0.34, 0.10, 0)",400,5.0,scene_0078_merged.out,,2025-10-15 20:14:32
scene_0079,scene_0079.in,3,"(1.682,0.371,1.849,0.498); (1.746,0.408,1.826,0.467); (1.820,0.443,1.938,0.597)",4e8,"(0.30, 0.10, 0)","(0.34, 0.10, 0)",400,5.0,scene_0079_merged.out,,2025-10-15 20:24:39
scene_0080,scene_0080.in,2,"(2.035,0.546,2.195,0.676); (1.976,0.648,2.216,0.756)",4e8,"(0.30, 0.10, 0)","(0.34, 0.10, 0)",400,5.0,scene_0080_merged.out,,2025-10-15 20:25:16
scene_0081,scene_0081.in,5,"(4.235,0.355,4.381,0.454); (4.221,0.397,4.437,0.499); (4.139,0.392,4.339,0.591); (4.230,0.394,4.408,0.547); (4.041,0.436,4.240,0.579)",4e8,"(0.30, 0.10, 0)","(0.34, 0.10, 0)",400,5.0,scene_0081_merged.out,,2025-10-15 20:35:31
scene_0082,scene_0082.in,2,"(4.071,0.377,4.318,0.440); (4.017,0.351,4.095,0.438)",4e8,"(0.30, 0.10, 0)","(0.34, 0.10, 0)",400,5.0,scene_0082_merged.out,,2025-10-15 20:36:07
scene_0083,scene_0083.in,4,"(1.555,0.524,1.681,0.594); (1.471,0.453,1.586,0.631); (1.424,0.494,1.556,0.567); (1.491,0.558,1.646,0.726)",4e8,"(0.30, 0.10, 0)","(0.34, 0.10, 0)",400,5.0,scene_0083_merged.out,,2025-10-15 20:46:12
scene_0084,scene_0084.in,4,"(2.058,0.492,2.208,0.690); (2.090,0.686,2.251,0.801); (2.056,0.530,2.137,0.693); (2.022,0.628,2.108,0.688)",4e8,"(0.30, 0.10, 0)","(0.34, 0.10, 0)",400,5.0,scene_0084_merged.out,,2025-10-15 20:46:50
scene_0085,scene_0085.in,1,"(2.360,0.553,2.574,0.617)",4e8,"(0.30, 0.10, 0)","(0.34, 0.10, 0)",400,5.0,scene_0085_merged.out,,2025-10-15 20:56:57
scene_0086,scene_0086.in,1,"(2.974,0.487,3.024,0.597)",4e8,"(0.30, 0.10, 0)","(0.34, 0.10, 0)",400,5.0,scene_0086_merged.out,,2025-10-15 20:57:33
scene_0087,scene_0087.in,5,"(2.838,0.648,2.907,0.824); (2.777,0.635,2.843,0.795); (2.803,0.517,2.962,0.715); (2.647,0.464,2.884,0.657); (2.766,0.537,2.995,0.733)",4e8,"(0.30, 0.10, 0)","(0.34, 0.10, 0)",400,5.0,scene_0087_merged.out,,2025-10-15 21:07:59
scene_0088,scene_0088.in,1,"(2.978,0.426,3.166,0.553)",4e8,"(0.30, 0.10, 0)","(0.34, 0.10, 0)",400,5.0,scene_0088_merged.out,,2025-10-15 21:08:34
scene_0089,scene_0089.in,1,"(4.373,0.689,4.474,0.776)",4e8,"(0.30, 0.10, 0)","(0.34, 0.10, 0)",400,5.0,scene_0089_merged.out,,2025-10-15 21:18:38
scene_0090,scene_0090.in,4,"(3.649,0.513,3.870,0.639); (3.811,0.533,3.997,0.687); (3.604,0.592,3.834,0.652); (3.723,0.513,3.831,0.621)",4e8,"(0.30, 0.10, 0)","(0.34, 0.10, 0)",400,5.0,scene_0090_merged.out,,2025-10-15 21:19:13
scene_0091,scene_0091.in,1,"(1.118,0.643,1.218,0.797)",4e8,"(0.30, 0.10, 0)","(0.34, 0.10, 0)",400,5.0,scene_0091_merged.out,,2025-10-15 21:29:25
scene_0092,scene_0092.in,2,"(1.506,0.708,1.603,0.886); (1.527,0.843,1.674,0.907)",4e8,"(0.30, 0.10, 0)","(0.34, 0.10, 0)",400,5.0,scene_0092_merged.out,,2025-10-15 21:29:58
scene_0093,scene_0093.in,1,"(4.370,0.792,4.453,0.900)",4e8,"(0.30, 0.10, 0)","(0.34, 0.10, 0)",400,5.0,scene_0093_merged.out,,2025-10-15 21:40:22
scene_0094,scene_0094.in,2,"(2.744,0.434,2.962,0.512); (2.775,0.467,2.894,0.650)",4e8,"(0.30, 0.10, 0)","(0.34, 0.10, 0)",400,5.0,scene_0094_merged.out,,2025-10-15 21:40:55
scene_0095,scene_0095.in,1,"(3.168,0.520,3.239,0.682)",4e8,"(0.30, 0.10, 0)","(0.34, 0.10, 0)",400,5.0,scene_0095_merged.out,,2025-10-15 21:51:06
scene_0096,scene_0096.in,1,"(3.219,0.629,3.340,0.807)",4e8,"(0.30, 0.10, 0)","(0.34, 0.10, 0)",400,5.0,scene_0096_merged.out,,2025-10-15 21:51:38
scene_0097,scene_0097.in,2,"(2.292,0.463,2.440,0.617); (2.439,0.364,2.534,0.538)",4e8,"(0.30, 0.10, 0)","(0.34, 0.10, 0)",400,5.0,scene_0097_merged.out,,2025-10-15 22:02:04
scene_0098,scene_0098.in,5,"(1.320,0.425,1.561,0.594); (1.183,0.467,1.331,0.566); (1.290,0.457,1.457,0.540); (1.164,0.393,1.364,0.476)",4e8,"(0.30, 0.10, 0)","(0.34, 0.10, 0)",400,5.0,scene_0098_merged.out,,2025-10-15 22:02:32
scene_0099,scene_0099.in,5,"(1.878,0.447,2.007,0.507); (1.832,0.453,1.991,0.604); (1.950,0.368,2.107,0.543); (1.766,0.434,2.010,0.629); (1.812,0.428,2.019,0.480)",4e8,"(0.30, 0.10, 0)","(0.34, 0.10, 0)",400,5.0,scene_0099_merged.out,,2025-10-15 22:12:52
scene_0100,scene_0100.in,3,"(1.794,0.665,1.931,0.748); (1.809,0.744,1.990,0.835); (1.884,0.631,2.075,0.824)",4e8,"(0.30, 0.10, 0)","(0.34, 0.10, 0)",400,5.0,scene_0100_merged.out,,2025-10-15 22:13:22
scene_0101,scene_0101.in,3,"(3.104,0.397,3.229,0.453); (3.168,0.359,3.222,0.451); (3.051,0.434,3.275,0.502)",4e8,"(0.30, 0.10, 0)","(0.34, 0.10, 0)",400,5.0,scene_0101_merged.out,,2025-10-15 22:23:45
scene_0102,scene_0102.in,5,"(3.516,0.677,3.741,0.847); (3.347,0.771,3.549,0.861); (3.303,0.776,3.530,0.924); (3.357,0.780,3.550,0.948); (3.428,0.793,3.677,0.917)",4e8,"(0.30, 0.10, 0)","(0.34, 0.10, 0)",400,5.0,scene_0102_merged.out,,2025-10-15 22:24:16
scene_0103,scene_0103.in,1,"(0.917,0.533,1.164,0.608)",4e8,"(0.30, 0.10, 0)","(0.34, 0.10, 0)",400,5.0,scene_0103_merged.out,,2025-10-15 22:34:26
scene_0104,scene_0104.in,4,"(3.580,0.361,3.703,0.431); (3.505,0.427,3.636,0.588); (3.547,0.384,3.707,0.563); (3.621,0.428,3.855,0.563)",4e8,"(0.30, 0.10, 0)","(0.34, 0.10, 0)",400,5.0,scene_0104_merged.out,,2025-10-15 22:34:59
scene_0105,scene_0105.in,3,"(3.219,0.864,3.291,0.934); (3.270,0.775,3.381,0.868)",4e8,"(0.30, 0.10, 0)","(0.34, 0.10, 0)",400,5.0,scene_0105_merged.out,,2025-10-15 22:45:18
scene_0106,scene_0106.in,4,"(2.013,0.777,2.207,0.937); (2.156,0.649,2.312,0.808); (2.174,0.797,2.276,0.858); (2.182,0.742,2.242,0.883)",4e8,"(0.30, 0.10, 0)","(0.34, 0.10, 0)",400,5.0,scene_0106_merged.out,,2025-10-15 22:45:49
scene_0107,scene_0107.in,5,"(2.327,0.665,2.381,0.857); (2.287,0.832,2.361,0.932); (2.209,0.812,2.427,0.939); (2.232,0.823,2.352,0.915); (2.348,0.782,2.427,0.876)",4e8,"(0.30, 0.10, 0)","(0.34, 0.10, 0)",400,5.0,scene_0107_merged.out,,2025-10-15 22:56:04
scene_0108,scene_0108.in,1,"(2.262,0.397,2.465,0.471)",4e8,"(0.30, 0.10, 0)","(0.34, 0.10, 0)",400,5.0,scene_0108_merged.out,,2025-10-15 22:56:35
scene_0109,scene_0109.in,4,"(2.474,0.496,2.720,0.585); (2.661,0.555,2.899,0.678); (2.579,0.463,2.694,0.588); (2.654,0.573,2.857,0.636)",4e8,"(0.30, 0.10, 0)","(0.34, 0.10, 0)",400,5.0,scene_0109_merged.out,,2025-10-15 23:06:48
scene_0110,scene_0110.in,3,"(2.669,0.381,2.900,0.458); (2.594,0.406,2.755,0.470); (2.553,0.386,2.789,0.487)",4e8,"(0.30, 0.10, 0)","(0.34, 0.10, 0)",400,5.0,scene_0110_merged.out,,2025-10-15 23:07:19
scene_0111,scene_0111.in,5,"(4.170,0.732,4.403,0.899); (4.066,0.811,4.196,0.928); (4.103,0.768,4.182,0.840); (4.106,0.812,4.192,0.894); (4.119,0.728,4.343,0.912)",4e8,"(0.30, 0.10, 0)","(0.34, 0.10, 0)",400,5.0,scene_0111_merged.out,,2025-10-15 23:17:35
scene_0112,scene_0112.in,3,"(3.894,0.518,4.042,0.678); (3.938,0.549,4.152,0.740); (3.940,0.620,4.021,0.748)",4e8,"(0.30, 0.10, 0)","(0.34, 0.10, 0)",400,5.0,scene_0112_merged.out,,2025-10-15 23:18:07
scene_0113,scene_0113.in,5,"(2.361,0.668,2.557,0.835); (2.308,0.591,2.433,0.734); (2.162,0.645,2.375,0.734); (2.372,0.714,2.437,0.876); (2.160,0.644,2.388,0.802)",4e8,"(0.30, 0.10, 0)","(0.34, 0.10, 0)",400,5.0,scene_0113_merged.out,,2025-10-15 23:28:24
scene_0114,scene_0114.in,1,"(2.221,0.367,2.343,0.487)",4e8,"(0.30, 0.10, 0)","(0.34, 0.10, 0)",400,5.0,scene_0114_merged.out,,2025-10-15 23:28:55
scene_0115,scene_0115.in,1,"(3.853,0.478,4.081,0.676)",4e8,"(0.30, 0.10, 0)","(0.34, 0.10, 0)",400,5.0,scene_0115_merged.out,,2025-10-15 23:39:13
scene_0116,scene_0116.in,3,"(1.501,0.522,1.567,0.654); (1.515,0.625,1.707,0.749); (1.467,0.566,1.564,0.732)",4e8,"(0.30, 0.10, 0)","(0.34, 0.10, 0)",400,5.0,scene_0116_merged.out,,2025-10-15 23:39:42
scene_0117,scene_0117.in,5,"(4.080,0.625,4.321,0.813); (4.099,0.721,4.288,0.805); (4.022,0.759,4.143,0.872); (4.069,0.724,4.242,0.780); (3.990,0.659,4.151,0.778)",4e8,"(0.30, 0.10, 0)","(0.34, 0.10, 0)",400,5.0,scene_0117_merged.out,,2025-10-15 23:49:43
scene_0118,scene_0118.in,3,"(1.171,0.445,1.331,0.580); (1.048,0.550,1.239,0.737); (1.067,0.535,1.192,0.627)",4e8,"(0.30, 0.10, 0)","(0.34, 0.10, 0)",400,5.0,scene_0118_merged.out,,2025-10-15 23:50:30
scene_0119,scene_0119.in,2,"(4.124,0.849,4.350,0.911); (4.154,0.786,4.311,0.876)",4e8,"(0.30, 0.10, 0)","(0.34, 0.10, 0)",400,5.0,scene_0119_merged.out,,2025-10-16 00:00:49
scene_0120,scene_0120.in,3,"(1.057,0.521,1.156,0.694); (1.091,0.366,1.235,0.548); (1.104,0.499,1.345,0.599)",4e8,"(0.30, 0.10, 0)","(0.34, 0.10, 0)",400,5.0,scene_0120_merged.out,,2025-10-16 00:01:35
scene_0121,scene_0121.in,1,"(1.956,0.628,2.109,0.685)",4e8,"(0.30, 0.10, 0)","(0.34, 0.10, 0)",400,5.0,scene_0121_merged.out,,2025-10-16 00:11:39
scene_0122,scene_0122.in,3,"(1.321,0.777,1.497,0.830); (1.167,0.716,1.384,0.829); (1.139,0.805,1.367,0.891)",4e8,"(0.30, 0.10, 0)","(0.34, 0.10, 0)",400,5.0,scene_0122_merged.out,,2025-10-16 00:12:25
scene_0123,scene_0123.in,2,"(3.872,0.622,3.992,0.782); (3.922,0.646,4.071,0.841)",4e8,"(0.30, 0.10, 0)","(0.34, 0.10, 0)",400,5.0,scene_0123_merged.out,,2025-10-16 00:22:22
scene_0124,scene_0124.in,2,"(2.655,0.761,2.767,0.866); (2.639,0.762,2.706,0.944)",4e8,"(0.30, 0.10, 0)","(0.34, 0.10, 0)",400,5.0,scene_0124_merged.out,,2025-10-16 00:23:09
scene_0125,scene_0125.in,4,"(4.299,0.759,4.418,0.863); (4.190,0.665,4.425,0.798); (4.300,0.745,4.410,0.878); (4.282,0.599,4.399,0.783)",4e8,"(0.30, 0.10, 0)","(0.34, 0.10, 0)",400,5.0,scene_0125_merged.out,,2025-10-16 00:33:07
scene_0126,scene_0126.in,1,"(1.279,0.510,1.369,0.686)",4e8,"(0.30, 0.10, 0)","(0.34, 0.10, 0)",400,5.0,scene_0126_merged.out,,2025-10-16 00:33:51
scene_0127,scene_0127.in,4,"(3.352,0.505,3.565,0.637); (3.373,0.412,3.513,0.553); (3.431,0.551,3.664,0.685); (3.320,0.399,3.543,0.590)",4e8,"(0.30, 0.10, 0)","(0.34, 0.10, 0)",400,5.0,scene_0127_merged.out,,2025-10-16 00:43:45
scene_0128,scene_0128.in,2,"(1.873,0.370,2.120,0.489); (1.917,0.467,1.993,0.606)",4e8,"(0.30, 0.10, 0)","(0.34, 0.10, 0)",400,5.0,scene_0128_merged.out,,2025-10-16 00:44:29
scene_0129,scene_0129.in,5,"(1.065,0.658,1.241,0.781); (1.090,0.774,1.312,0.830); (1.037,0.752,1.228,0.914); (1.095,0.606,1.192,0.777); (0.981,0.660,1.206,0.813)",4e8,"(0.30, 0.10, 0)","(0.34, 0.10, 0)",400,5.0,scene_0129_merged.out,,2025-10-16 00:54:24
scene_0130,scene_0130.in,5,"(2.843,0.808,2.950,0.937); (2.870,0.857,2.952,0.917); (2.734,0.673,2.902,0.869); (2.628,0.801,2.871,0.943)",4e8,"(0.30, 0.10, 0)","(0.34, 0.10, 0)",400,5.0,scene_0130_merged.out,,2025-10-16 00:55:06
scene_0131,scene_0131.in,5,"(2.554,0.412,2.745,0.601); (2.633,0.518,2.825,0.685); (2.666,0.477,2.740,0.544); (2.572,0.435,2.782,0.585); (2.626,0.454,2.724,0.542)",4e8,"(0.30, 0.10, 0)","(0.34, 0.10, 0)",400,5.0,scene_0131_merged.out,,2025-10-16 01:05:14
scene_0132,scene_0132.in,4,"(3.105,0.611,3.157,0.769); (3.067,0.661,3.248,0.715); (3.056,0.555,3.142,0.701); (3.093,0.604,3.185,0.684)",4e8,"(0.30, 0.10, 0)","(0.34, 0.10, 0)",400,5.0,scene_0132_merged.out,,2025-10-16 01:05:59
scene_0133,scene_0133.in,5,"(3.849,0.531,3.921,0.722); (3.708,0.604,3.930,0.710); (3.735,0.685,3.940,0.756); (3.799,0.652,3.955,0.779); (3.854,0.692,4.052,0.866)",4e8,"(0.30, 0.10, 0)","(0.34, 0.10, 0)",400,5.0,scene_0133_merged.out,,2025-10-16 01:16:03
scene_0134,scene_0134.in,1,"(2.805,0.618,3.045,0.791)",4e8,"(0.30, 0.10, 0)","(0.34, 0.10, 0)",400,5.0,scene_0134_merged.out,,2025-10-16 01:16:46
scene_0135,scene_0135.in,4,"(1.141,0.364,1.322,0.514); (1.085,0.460,1.231,0.608); (1.154,0.450,1.247,0.616)",4e8,"(0.30, 0.10, 0)","(0.34, 0.10, 0)",400,5.0,scene_0135_merged.out,,2025-10-16 01:26:54
scene_0136,scene_0136.in,4,"(3.782,0.688,3.885,0.766); (3.836,0.682,4.080,0.813); (3.661,0.634,3.843,0.721)",4e8,"(0.30, 0.10, 0)","(0.34, 0.10, 0)",400,5.0,scene_0136_merged.out,,2025-10-16 01:27:34
scene_0137,scene_0137.in,5,"(1.455,0.588,1.650,0.730); (1.360,0.729,1.593,0.919); (1.317,0.688,1.519,0.797); (1.390,0.672,1.608,0.805); (1.434,0.614,1.638,0.740)",4e8,"(0.30, 0.10, 0)","(0.34, 0.10, 0)",400,5.0,scene_0137_merged.out,,2025-10-16 01:37:46
scene_0138,scene_0138.in,1,"(0.586,0.405,0.656,0.457)",4e8,"(0.30, 0.10, 0)","(0.34, 0.10, 0)",400,5.0,scene_0138_merged.out,,2025-10-16 01:38:25
scene_0139,scene_0139.in,5,"(1.144,0.416,1.315,0.565); (0.989,0.397,1.218,0.574); (1.196,0.544,1.405,0.595); (1.075,0.470,1.217,0.560); (1.177,0.379,1.353,0.548)",4e8,"(0.30, 0.10, 0)","(0.34, 0.10, 0)",400,5.0,scene_0139_merged.out,,2025-10-16 01:48:36
scene_0140,scene_0140.in,1,"(3.772,0.562,3.871,0.686)",4e8,"(0.30, 0.10, 0)","(0.34, 0.10, 0)",400,5.0,scene_0140_merged.out,,2025-10-16 01:49:14
scene_0141,scene_0141.in,1,"(1.174,0.721,1.336,0.866)",4e8,"(0.30, 0.10, 0)","(0.34, 0.10, 0)",400,5.0,scene_0141_merged.out,,2025-10-16 01:59:28
scene_0142,scene_0142.in,2,"(1.851,0.405,1.961,0.603); (1.777,0.426,2.015,0.558)",4e8,"(0.30, 0.10, 0)","(0.34, 0.10, 0)",400,5.0,scene_0142_merged.out,,2025-10-16 02:00:09
scene_0143,scene_0143.in,1,"(1.662,0.706,1.792,0.881)",4e8,"(0.30, 0.10, 0)","(0.34, 0.10, 0)",400,5.0,scene_0143_merged.out,,2025-10-16 02:10:08
scene_0144,scene_0144.in,3,"(0.770,0.520,0.961,0.592); (0.707,0.439,0.775,0.623); (0.686,0.469,0.812,0.624)",4e8,"(0.30, 0.10, 0)","(0.34, 0.10, 0)",400,5.0,scene_0144_merged.out,,2025-10-16 02:10:57
scene_0145,scene_0145.in,1,"(2.978,0.437,3.029,0.513)",4e8,"(0.30, 0.10, 0)","(0.34, 0.10, 0)",400,5.0,scene_0145_merged.out,,2025-10-16 02:20:59
scene_0146,scene_0146.in,4,"(2.528,0.678,2.613,0.766); (2.516,0.716,2.680,0.802); (2.456,0.677,2.605,0.763); (2.580,0.616,2.799,0.734)",4e8,"(0.30, 0.10, 0)","(0.34, 0.10, 0)",400,5.0,scene_0146_merged.out,,2025-10-16 02:21:45
scene_0147,scene_0147.in,1,"(1.126,0.722,1.266,0.816)",4e8,"(0.30, 0.10, 0)","(0.34, 0.10, 0)",400,5.0,scene_0147_merged.out,,2025-10-16 02:31:43
scene_0148,scene_0148.in,1,"(3.012,0.418,3.182,0.561)",4e8,"(0.30, 0.10, 0)","(0.34, 0.10, 0)",400,5.0,scene_0148_merged.out,,2025-10-16 02:32:32
scene_0149,scene_0149.in,5,"(2.963,0.751,3.097,0.819); (3.020,0.680,3.127,0.784); (2.980,0.678,3.080,0.859); (2.871,0.672,3.077,0.851); (2.935,0.573,3.101,0.763)",4e8,"(0.30, 0.10, 0)","(0.34, 0.10, 0)",400,5.0,scene_0149_merged.out,,2025-10-16 02:42:29
scene_0150,scene_0150.in,2,"(2.075,0.521,2.140,0.599); (1.938,0.550,2.181,0.603)",4e8,"(0.30, 0.10, 0)","(0.34, 0.10, 0)",400,5.0,scene_0150_merged.out,,2025-10-16 02:43:17
scene_0151,scene_0151.in,2,"(0.636,0.824,0.726,0.921); (0.608,0.680,0.660,0.842)",4e8,"(0.30, 0.10, 0)","(0.34, 0.10, 0)",400,5.0,scene_0151_merged.out,,2025-10-16 02:53:13
scene_0152,scene_0152.in,2,"(3.913,0.375,4.081,0.515); (3.939,0.385,4.058,0.529)",4e8,"(0.30, 0.10, 0)","(0.34, 0.10, 0)",400,5.0,scene_0152_merged.out,,2025-10-16 02:54:00
scene_0153,scene_0153.in,1,"(2.335,0.535,2.391,0.722)",4e8,"(0.30, 0.10, 0)","(0.34, 0.10, 0)",400,5.0,scene_0153_merged.out,,2025-10-16 03:03:54
scene_0154,scene_0154.in,2,"(3.341,0.784,3.411,0.871); (3.279,0.672,3.460,0.823)",4e8,"(0.30, 0.10, 0)","(0.34, 0.10, 0)",400,5.0,scene_0154_merged.out,,2025-10-16 03:04:38
scene_0155,scene_0155.in,3,"(3.899,0.399,3.957,0.473); (3.870,0.405,3.948,0.601); (3.743,0.359,3.932,0.524)",4e8,"(0.30, 0.10, 0)","(0.34, 0.10, 0)",400,5.0,scene_0155_merged.out,,2025-10-16 03:14:33
scene_0156,scene_0156.in,4,"(3.339,0.526,3.571,0.581); (3.333,0.548,3.571,0.672); (3.534,0.522,3.707,0.701); (3.458,0.433,3.582,0.571)",4e8,"(0.30, 0.10, 0)","(0.34, 0.10, 0)",400,5.0,scene_0156_merged.out,,2025-10-16 03:15:18
scene_0157,scene_0157.in,5,"(1.620,0.553,1.679,0.695); (1.598,0.426,1.838,0.560); (1.668,0.471,1.747,0.563); (1.625,0.514,1.809,0.662)",4e8,"(0.30, 0.10, 0)","(0.34, 0.10, 0)",400,5.0,scene_0157_merged.out,,2025-10-16 03:25:26
scene_0158,scene_0158.in,3,"(4.231,0.763,4.303,0.896); (4.028,0.679,4.261,0.788); (4.173,0.681,4.255,0.787)",4e8,"(0.30, 0.10, 0)","(0.34, 0.10, 0)",400,5.0,scene_0158_merged.out,,2025-10-16 03:26:15
scene_0159,scene_0159.in,4,"(0.765,0.569,0.869,0.668); (0.772,0.593,0.904,0.646); (0.687,0.475,0.879,0.659); (0.793,0.600,0.888,0.724)",4e8,"(0.30, 0.10, 0)","(0.34, 0.10, 0)",400,5.0,scene_0159_merged.out,,2025-10-16 03:36:26
scene_0160,scene_0160.in,1,"(3.182,0.756,3.357,0.847)",4e8,"(0.30, 0.10, 0)","(0.34, 0.10, 0)",400,5.0,scene_0160_merged.out,,2025-10-16 03:37:14
scene_0161,scene_0161.in,3,"(1.512,0.522,1.756,0.654); (1.385,0.493,1.628,0.638); (1.613,0.480,1.822,0.634)",4e8,"(0.30, 0.10, 0)","(0.34, 0.10, 0)",400,5.0,scene_0161_merged.out,,2025-10-16 03:47:21
scene_0162,scene_0162.in,3,"(2.509,0.768,2.691,0.858); (2.608,0.687,2.826,0.850); (2.661,0.810,2.786,0.922)",4e8,"(0.30, 0.10, 0)","(0.34, 0.10, 0)",400,5.0,scene_0162_merged.out,,2025-10-16 03:48:09
scene_0163,scene_0163.in,3,"(2.278,0.598,2.363,0.786); (2.319,0.782,2.513,0.905); (2.238,0.690,2.485,0.847)",4e8,"(0.30, 0.10, 0)","(0.34, 0.10, 0)",400,5.0,scene_0163_merged.out,,2025-10-16 03:58:08
scene_0164,scene_0164.in,4,"(2.255,0.373,2.439,0.476); (2.357,0.421,2.530,0.517); (2.349,0.369,2.401,0.429); (2.281,0.407,2.521,0.601)",4e8,"(0.30, 0.10, 0)","(0.34, 0.10, 0)",400,5.0,scene_0164_merged.out,,2025-10-16 03:58:55
scene_0165,scene_0165.in,5,"(3.850,0.373,4.052,0.452); (3.852,0.359,3.944,0.508); (3.869,0.446,4.051,0.636); (3.777,0.371,3.915,0.560)",4e8,"(0.30, 0.10, 0)","(0.34, 0.10, 0)",400,5.0,scene_0165_merged.out,,2025-10-16 04:08:56
scene_0166,scene_0166.in,1,"(3.489,0.510,3.591,0.630)",4e8,"(0.30, 0.10, 0)","(0.34, 0.10, 0)",400,5.0,scene_0166_merged.out,,2025-10-16 04:09:40
scene_0167,scene_0167.in,1,"(2.922,0.674,3.040,0.783)",4e8,"(0.30, 0.10, 0)","(0.34, 0.10, 0)",400,5.0,scene_0167_merged.out,,2025-10-16 04:19:34
scene_0168,scene_0168.in,1,"(0.570,0.705,0.733,0.880)",4e8,"(0.30, 0.10, 0)","(0.34, 0.10, 0)",400,5.0,scene_0168_merged.out,,2025-10-16 04:20:22
scene_0169,scene_0169.in,2,"(1.888,0.839,2.032,0.940); (1.900,0.770,1.995,0.889)",4e8,"(0.30, 0.10, 0)","(0.34, 0.10, 0)",400,5.0,scene_0169_merged.out,,2025-10-16 04:30:24
scene_0170,scene_0170.in,4,"(4.276,0.408,4.328,0.589); (4.317,0.485,4.441,0.601); (4.209,0.447,4.351,0.632); (4.191,0.509,4.331,0.651)",4e8,"(0.30, 0.10, 0)","(0.34, 0.10, 0)",400,5.0,scene_0170_merged.out,,2025-10-16 04:31:09
scene_0171,scene_0171.in,3,"(3.862,0.759,3.914,0.852); (3.648,0.846,3.876,0.943); (3.697,0.754,3.879,0.931)",4e8,"(0.30, 0.10, 0)","(0.34, 0.10, 0)",400,5.0,scene_0171_merged.out,,2025-10-16 04:41:07
scene_0172,scene_0172.in,4,"(0.636,0.500,0.884,0.562); (0.761,0.473,0.820,0.634); (0.755,0.403,0.984,0.519); (0.786,0.499,1.005,0.670)",4e8,"(0.30, 0.10, 0)","(0.34, 0.10, 0)",400,5.0,scene_0172_merged.out,,2025-10-16 04:41:56
scene_0173,scene_0173.in,1,"(1.760,0.384,1.937,0.464)",4e8,"(0.30, 0.10, 0)","(0.34, 0.10, 0)",400,5.0,scene_0173_merged.out,,2025-10-16 04:51:48
scene_0174,scene_0174.in,4,"(1.407,0.742,1.529,0.903); (1.303,0.719,1.462,0.805); (1.281,0.730,1.411,0.794); (1.252,0.726,1.442,0.827)",4e8,"(0.30, 0.10, 0)","(0.34, 0.10, 0)",400,5.0,scene_0174_merged.out,,2025-10-16 04:52:37
scene_0175,scene_0175.in,1,"(3.403,0.746,3.546,0.901)",4e8,"(0.30, 0.10, 0)","(0.34, 0.10, 0)",400,5.0,scene_0175_merged.out,,2025-10-16 05:02:23
scene_0176,scene_0176.in,3,"(1.893,0.504,2.132,0.662); (1.755,0.594,1.940,0.793); (1.904,0.490,1.959,0.670)",4e8,"(0.30, 0.10, 0)","(0.34, 0.10, 0)",400,5.0,scene_0176_merged.out,,2025-10-16 05:03:19
scene_0177,scene_0177.in,4,"(2.402,0.515,2.523,0.602); (2.420,0.538,2.539,0.699); (2.514,0.403,2.747,0.579); (2.435,0.578,2.532,0.745)",4e8,"(0.30, 0.10, 0)","(0.34, 0.10, 0)",400,5.0,scene_0177_merged.out,,2025-10-16 05:13:10
scene_0178,scene_0178.in,3,"(1.937,0.439,2.122,0.600); (1.824,0.352,1.989,0.486); (1.971,0.372,2.211,0.444)",4e8,"(0.30, 0.10, 0)","(0.34, 0.10, 0)",400,5.0,scene_0178_merged.out,,2025-10-16 05:14:01
scene_0179,scene_0179.in,3,"(2.952,0.622,3.201,0.688); (2.960,0.541,3.125,0.699); (2.908,0.570,3.147,0.764)",4e8,"(0.30, 0.10, 0)","(0.34, 0.10, 0)",400,5.0,scene_0179_merged.out,,2025-10-16 05:23:44
scene_0180,scene_0180.in,1,"(3.305,0.436,3.519,0.551)",4e8,"(0.30, 0.10, 0)","(0.34, 0.10, 0)",400,5.0,scene_0180_merged.out,,2025-10-16 05:24:34
scene_0181,scene_0181.in,3,"(1.554,0.598,1.768,0.701); (1.700,0.466,1.801,0.635); (1.551,0.599,1.743,0.729)",4e8,"(0.30, 0.10, 0)","(0.34, 0.10, 0)",400,5.0,scene_0181_merged.out,,2025-10-16 05:34:16
scene_0182,scene_0182.in,3,"(1.409,0.681,1.616,0.767); (1.495,0.599,1.652,0.786); (1.595,0.723,1.649,0.868)",4e8,"(0.30, 0.10, 0)","(0.34, 0.10, 0)",400,5.0,scene_0182_merged.out,,2025-10-16 05:35:21
scene_0183,scene_0183.in,5,"(2.012,0.655,2.105,0.764); (2.014,0.576,2.201,0.748); (1.977,0.586,2.156,0.758); (2.010,0.603,2.116,0.798); (2.038,0.592,2.104,0.764)",4e8,"(0.30, 0.10, 0)","(0.34, 0.10, 0)",400,5.0,scene_0183_merged.out,,2025-10-16 05:44:57
scene_0184,scene_0184.in,4,"(1.625,0.532,1.710,0.598); (1.516,0.571,1.667,0.665); (1.567,0.448,1.776,0.585); (1.573,0.534,1.707,0.606)",4e8,"(0.30, 0.10, 0)","(0.34, 0.10, 0)",400,5.0,scene_0184_merged.out,,2025-10-16 05:46:03
scene_0185,scene_0185.in,3,"(0.619,0.439,0.733,0.564); (0.725,0.378,0.825,0.561); (0.586,0.439,0.740,0.542)",4e8,"(0.30, 0.10, 0)","(0.34, 0.10, 0)",400,5.0,scene_0185_merged.out,,2025-10-16 05:55:44
scene_0186,scene_0186.in,4,"(3.979,0.478,4.131,0.607); (3.996,0.587,4.193,0.782); (3.805,0.605,4.011,0.655); (4.004,0.603,4.084,0.726)",4e8,"(0.30, 0.10, 0)","(0.34, 0.10, 0)",400,5.0,scene_0186_merged.out,,2025-10-16 05:56:47
scene_0187,scene_0187.in,2,"(3.217,0.590,3.280,0.696); (3.229,0.572,3.349,0.718)",4e8,"(0.30, 0.10, 0)","(0.34, 0.10, 0)",400,5.0,scene_0187_merged.out,,2025-10-16 06:06:21
scene_0188,scene_0188.in,5,"(1.063,0.388,1.131,0.456); (1.092,0.424,1.276,0.522); (1.055,0.434,1.255,0.537); (1.030,0.424,1.156,0.599); (1.027,0.382,1.103,0.541)",4e8,"(0.30, 0.10, 0)","(0.34, 0.10, 0)",400,5.0,scene_0188_merged.out,,2025-10-16 06:07:25
scene_0189,scene_0189.in,3,"(3.460,0.618,3.572,0.796); (3.548,0.511,3.720,0.636); (3.495,0.603,3.572,0.751)",4e8,"(0.30, 0.10, 0)","(0.34, 0.10, 0)",400,5.0,scene_0189_merged.out,,2025-10-16 06:17:04
scene_0190,scene_0190.in,2,"(3.347,0.519,3.461,0.572); (3.301,0.377,3.479,0.557)",4e8,"(0.30, 0.10, 0)","(0.34, 0.10, 0)",400,5.0,scene_0190_merged.out,,2025-10-16 06:18:05
scene_0191,scene_0191.in,1,"(3.246,0.401,3.473,0.533)",4e8,"(0.30, 0.10, 0)","(0.34, 0.10, 0)",400,5.0,scene_0191_merged.out,,2025-10-16 06:27:45
scene_0192,scene_0192.in,1,"(2.862,0.633,3.044,0.720)",4e8,"(0.30, 0.10, 0)","(0.34, 0.10, 0)",400,5.0,scene_0192_merged.out,,2025-10-16 06:28:48
scene_0193,scene_0193.in,3,"(4.018,0.819,4.259,0.945); (4.049,0.784,4.274,0.878); (4.022,0.703,4.117,0.833)",4e8,"(0.30, 0.10, 0)","(0.34, 0.10, 0)",400,5.0,scene_0193_merged.out,,2025-10-16 06:38:30
scene_0194,scene_0194.in,4,"(1.404,0.654,1.454,0.706); (1.409,0.646,1.563,0.736); (1.281,0.624,1.415,0.791); (1.271,0.573,1.439,0.714)",4e8,"(0.30, 0.10, 0)","(0.34, 0.10, 0)",400,5.0,scene_0194_merged.out,,2025-10-16 06:39:34
scene_0195,scene_0195.in,4,"(0.948,0.608,1.162,0.783); (1.107,0.627,1.305,0.817); (1.139,0.571,1.384,0.655); (1.124,0.557,1.334,0.678)",4e8,"(0.30, 0.10, 0)","(0.34, 0.10, 0)",400,5.0,scene_0195_merged.out,,2025-10-16 06:49:05
scene_0196,scene_0196.in,3,"(1.744,0.429,1.885,0.619); (1.627,0.365,1.770,0.555); (1.763,0.357,1.815,0.507)",4e8,"(0.30, 0.10, 0)","(0.34, 0.10, 0)",400,5.0,scene_0196_merged.out,,2025-10-16 06:50:07
scene_0197,scene_0197.in,5,"(2.580,0.491,2.730,0.582); (2.463,0.471,2.597,0.541); (2.486,0.420,2.725,0.565); (2.594,0.397,2.757,0.595); (2.451,0.472,2.645,0.657)",4e8,"(0.30, 0.10, 0)","(0.34, 0.10, 0)",400,5.0,scene_0197_merged.out,,2025-10-16 06:59:39
scene_0198,scene_0198.in,1,"(1.056,0.358,1.135,0.426)",4e8,"(0.30, 0.10, 0)","(0.34, 0.10, 0)",400,5.0,scene_0198_merged.out,,2025-10-16 07:00:44
scene_0199,scene_0199.in,1,"(1.939,0.448,1.996,0.642)",4e8,"(0.30, 0.10, 0)","(0.34, 0.10, 0)",400,5.0,scene_0199_merged.out,,2025-10-16 07:10:08
scene_0200,scene_0200.in,5,"(3.223,0.537,3.391,0.633); (3.300,0.577,3.469,0.719); (3.224,0.524,3.457,0.690); (3.334,0.593,3.516,0.744); (3.354,0.612,3.573,0.705)",4e8,"(0.30, 0.10, 0)","(0.34, 0.10, 0)",400,5.0,scene_0200_merged.out,,2025-10-16 07:11:30
